index,video_time_s,timer,rate_hz,last_event_time,event_count
"1","0.88s","00:00:00","","A",""
"2","11.54s","00:00:01","","05:05:37. 248 pm","4"
"3","12.49s","00:00:02","","05:05:37. 778 pm","5"
"4","13.56s","00:00:03","","05:05:40. 409 pm","7"
"5","15.54s","00:00:04","","05:05:41. 280 pm","9"
"6","20.52s","00:00:06","","05:05:43. 534 pm","13"
"7","24.85s","00:00:11","","05:05:49. 647 pm","17"
"8","30.57s","00:00:17","","05:05:55. 416 pm","25"
"9","35.56s","00:00:22","","05:06:00. 449 pm","36"
"10","40.67s","00:00:27","","05:06:04. 473 pm","42"
"11","45.73s","00:00:32","","05:06:08. 609 pm","46"
"12","50.75s","00:00:37","","05:06:13. 489 pm","50"
"13","55.64s","00:00:42","","05:06:19. 273 pm","56"
"14","60.84s","00:00:47","","05:06:25. 030 pm","64"
"15","66.80s","00:00:53","","05:06:30. 930 pm","72"
"16","72.24s","00:01:02","","05:06:38. 321 pm","81"
"17","73.17s","00:01:03","","05:06:39. 976 pm","84"
"18","74.35s","00:01:04","","05:06:40. 845 pm","85"
"19","75.49s","00:01:05","","05:06:42. 462 pm","838"
"20","76.63s","00:01:07","","05:06:42. 971 pm","88"
"21","78.13s","00:01:08","","05:06:43. 963 pm","90"
"22","79.18s","00:01:09","","05:06:43. 963 pm","90"
"23","80.18s","00:01:10","","05:06:46. 253 pm","91"
"24","81.98s","00:01:12","","05:06:46. 253 pm","93"
"25","83.09s","00:01:13","","05:06:49. 012 pm","93"
"26","86.97s","00:01:14","","05:06:49. 012 pm","93"
"27","92.00s","00:01:18","","05:06:54. 886 pm","97"
"28","97.08s","00:01:23","","05:06:54. 886 pm","97"
"29","102.08s","00:01:28","","05:07:06. 226 pm","102"
"30","107.12s","00:01:33","","05:07:10. 892 pm","114"
"31","113.07s","00:01:39","1,170","05:07:16. 974 pm","125"
"32","118.04s","00:01:44","1,170","05:07:21. 289 pm","130"
"33","123.13s","00:01:49","1,170","05:07:27. 171 pm","136"
"34","129.08s","00:01:55","1,170","05:07:32. 671 pm","144"
"35","134.05s","00:02:00","1,170","05:07:38. 683 pm","152"
"36","138.18s","00:02:09","1,170","05:07:44. 472 pm","158"
"37","139.67s","00:02:10","1,170","05:07:45. 474 pm","161"
"38","140.76s","00:02:11","1,170","05:07:47. 476 pm","164"
"39","141.76s","00:02:12","1,170","05:07:48. 094 pm","164"
"40","142.92s","00:02:13","1,170","05:07:48. 094 pm","164"
"41","144.29s","00:02:14","1,170","05:07:49. 962 pm","166"
"42","145.47s","00:02:15","1,170","05:07:51. 726 pm","166"
"43","147.26s","00:02:17","1,170","05:07:53. 227 pm","168"
"44","149.12s","00:02:19","1,170","05:07:55. 238 pm","172"
"45","150.72s","00:02:20","1,170","05:07:55. 735 pm","173"
"46","151.68s","00:02:22","1,170","05:07:55. 735 pm","173"
"47","152.66s","00:02:23","1,170","05:07:55. 735 pm","176"
"48","153.62s","00:02:24","1,170","05:08:00. 227 pm","177"
"49","155.59s","00:02:25","1,170","05:08:01. 243 pm","180"
"50","160.66s","00:02:27","1,170","05:08:04. 981 pm","186"
"51","165.87s","00:02:31","1,170","05:08:08. 984 pm","192"
"52","171.83s","00:02:38","1,170","05:08:15. 753 pm","196"
"53","177.72s","00:02:44","1,170","05:08:22. 108 pm","197"
"54","183.71s","00:02:49","1,170","05:08:28. 521 pm","201"
"55","189.81s","00:02:55","1,170","05:08:34. 147 pm","202"
"56","195.77s","00:03:02","1,170","05:08:38. 649 pm","204"
"57","201.80s","00:03:08","1,170","05:08:46. 387 pm","214"
"58","207.69s","00:03:14","1,170","05:08:50. 769 pm","220"
"59","212.94s","00:03:23","1,090","05:08:55. 310 pm","226"
"60","214.05s","00:03:24","1,090","05:08:55. 310 pm","226"
"61","215.05s","00:03:25","1,090","05:08:55. 310 pm","226"
"62","216.10s","00:03:26","1,090","05:08:55. 310 pm","226"
"63","217.52s","00:03:27","1,090","05:09:03. 870 pm","228"
"64","218.55s","00:03:28","1,090","05:09:04. 889 pm","229"
"65","219.57s","00:03:29","1,090","05:09:05. 885 pm","230"
"66","220.52s","00:03:30","1,090","05:09:05. 885 pm","231"
"67","221.50s","00:03:32","1,090","05:09:07. 390 pm","231"
"68","222.79s","00:03:33","1,090","05:09:07. 390 pm","232"
"69","223.73s","00:03:34","1,090","05:09:10. 143 pm","233"
"70","224.76s","00:03:35","1,090","05:09:11. 387 pm","234"
"71","225.73s","00:03:36","1,090","05:09:12. 628 pm","236"
"72","227.07s","00:03:37","1,090","05:09:14. 146 pm","239"
"73","228.03s","00:03:38","1,090","05:09:14. 146 pm","239"
"74","229.04s","00:03:39","1,090","05:09:14. 146 pm","240"
"75","230.16s","00:03:40","1,090","05:09:17. 154 pm","242"
"76","231.27s","00:03:41","1,090","05:09:17. 154 pm","242"
"77","233.26s","00:03:43","1,090","05:09:20. 039 pm","244"
"78","234.25s","00:03:44","1,090","05:09:20. 543 pm","245"
"79","235.62s","00:03:45","1,090","05:09:22. 060 pm","249"
"80","237.41s","00:03:47","1,090","05:09:24. 178 pm","251"
"81","239.39s","00:03:49","1,090","05:09:25. 553 pm","254"
"82","242.21s","00:03:51","1,090","05:09:27. 052 pm","255"
"83","248.08s","00:03:54","1,090","05:09:32. 075 pm","265"
"84","253.66s","00:04:00","1,090","05:09:36. 441 pm","273"
"85","258.62s","00:04:04","1,090","05:09:42. 693 pm","280"
"86","263.93s","00:04:10","1,090","05:09:46. 330 pm","283"
"87","269.31s","00:04:15","1,090","05:09:53. 503 pm","294"
"88","274.40s","00:04:20","1,090","05:09:57. 009 pm","299"
"89","280.31s","00:04:26","1,090","05:10:04. 081 pm","305"
"90","286.23s","00:04:32","1,090","05:10:10. 246 pm","319"
"91","292.12s","00:04:38","1,090","05:10:15. 813 pm","326"
"92","295.95s","00:04:47","1,090","05:10:23. 699 pm","336"
"93","297.96s","00:04:48","1,090","05:10:24. 822 pm","338"
"94","298.91s","00:04:49","1,090","05:10:25. 317 pm","339"
"95","299.86s","00:04:50","1,090","05:10:26. 322 pm","341"
"96","300.90s","00:04:51","1,090","05:10:26. 322 pm","341"
"97","301.98s","00:04:52","1,090","05:10:28. 576 pm","342"
"98","302.99s","00:04:53","1,090","05:10:29. 961 pm","343"
"99","303.91s","00:04:54","1,090","05:10:29. 961 pm","343"
"100","304.99s","00:04:55","1,090","05:10:30. 458 pm","346"
"101","306.02s","00:04:56","1,090","05:10:32. 848 pm","348"
"102","307.41s","00:04:57","1,090","05:10:33. 842 pm","350"
"103","309.35s","00:04:59","1,090","05:10:35. 618 pm","354"
"104","310.32s","00:05:00","1,270","05:10:37. 115 pm","355"
"105","311.30s","00:05:01","1,270","05:10:37. 613 pm","356"
"106","312.31s","00:05:02","1,270","05:10:37. 613 pm","357"
"107","313.36s","00:05:03","1,270","05:10:38. 522 pm","358"
"108","314.31s","00:05:04","1,270","05:10:39. 782 pm","358"
"109","315.31s","00:05:05","1,270","05:10:42. 290 pm","360"
"110","316.32s","00:05:06","1,270","05:10:43. 156 pm","362"
"111","321.35s","00:05:07","1,270","05:10:45. 160 pm","366"
"112","326.38s","00:05:12","1,270","05:10:50. 807 pm","374"
"113","332.44s","00:05:18","1,270","05:10:55. 705 pm","382"
"114","338.35s","00:05:24","1,270","05:11:02. 629 pm","389"
"115","343.36s","00:05:29","1,270","05:11:05. 640 pm","395"
"116","349.38s","00:05:35","1,270","05:11:11. 419 pm","398"
"117","355.61s","00:05:41","1,270","05:11:19. 294 pm","410"
"118","361.48s","00:05:47","1,270","05:11:25. 296 pm","415"
"119","367.40s","00:05:53","1,270","05:11:31. 828 pm","423"
"120","371.78s","00:06:03","1,270","05:11:37. 753 pm","432"
"121","373.77s","00:06:04","1,270","05:11:40. 503 pm","435"
"122","374.93s","00:06:05","1,270","05:11:41. 006 pm","437"
"123","375.91s","00:06:06","1,270","05:11:42. 012 pm","439"
"124","376.91s","00:06:07","1,270","05:11:43. 024 pm","440"
"125","377.91s","00:06:08","1,270","05:11:44. 526 pm","442"
"126","378.90s","00:06:09","1,270","05:11:44. 526 pm","445"
"127","379.94s","00:06:10","1,270","05:11:46. 035 pm","446"
"128","380.90s","00:06:11","1,270","05:11:47. 042 pm","447"
"129","381.91s","00:06:12","1,270","05:11:48. 419 pm","450"
"130","383.44s","00:06:13","1,270","05:11:49. 418 pm","452"
"131","384.39s","00:06:14","1,270","05:11:51. 299 pm","454"
"132","385.41s","00:06:15","1,270","05:11:51. 822 pm","455"
"133","386.42s","00:06:16","1,270","05:11:53. 343 pm","458"
"134","387.46s","00:06:17","1,270","05:11:53. 857 pm","459"
"135","388.49s","00:06:18","1,270","05:11:53. 857 pm","459"
"136","389.55s","00:06:19","1,270","05:11:55. 603 pm","462"
"137","390.56s","00:06:20","1,270","05:11:56. 733 pm","462"
"138","391.66s","00:06:22","1,270","05:11:57. 861 pm","464"
"139","392.69s","00:06:23","1,270","05:11:58. 488 pm","465"
"140","393.89s","00:06:24","1,270","05:12:00. 124 pm","466"
"141","395.10s","00:06:25","1,270","05:12:01. 260 pm","468"
"142","396.16s","00:06:26","1,270","05:12:02. 926 pm","469"
"143","397.61s","00:06:27","1,270","05:12:03. 933 pm","472"
"144","399.45s","00:06:29","1,270","05:12:04. 938 pm","477"
"145","401.41s","00:06:31","1,270","05:12:07. 567 pm","479"
"146","404.03s","00:06:33","1,270","05:12:09. 196 pm","480"
"147","410.03s","00:06:36","1,270","05:12:13. 334 pm","489"
"148","416.06s","00:06:42","1,360","05:12:19. 340 pm","493"
"149","422.10s","00:06:48","1,360","05:12:25. 073 pm","499"
"150","428.00s","00:06:54","1,360","05:12:32. 386 pm","510"
"151","434.02s","00:07:00","1,360","05:12:37. 378 pm","522"
"152","440.02s","00:07:06","1,360","05:12:43. 901 pm","532"
"153","446.11s","00:07:12","1,360","05:12:50. 588 pm","540"
"154","452.07s","00:07:18","1,360","05:12:56. 381 pm","551"
"155","456.70s","00:07:28","1,360","05:13:03. 324 pm","561"
"156","459.00s","00:07:29","1,360","05:13:04. 825 pm","564"
"157","460.04s","00:07:30","1,360","05:13:06. 330 pm","565"
"158","461.20s","00:07:31","1,360","05:13:07. 836 pm","568"
"159","462.25s","00:07:32","1,360","05:13:08. 962 pm","571"
"160","463.46s","00:07:33","1,360","05:13:09. 461 pm","572"
"161","464.43s","00:07:34","1,360","05:13:11. 094 pm","574"
"162","466.02s","00:07:35","1,360","05:13:12. 737 pm","576"
"163","467.25s","00:07:37","1,360","05:13:13. 237 pm","7"
"164","468.75s","00:07:38","1,360","05:13:13. 237 pm","77"
"165","470.00s","00:07:40","1,360","05:13:13. 237 pm","77"
"166","471.68s","00:07:41","1,360","05:13:17. 790 pm","581"
"167","472.66s","00:07:42","1,360","05:13:19. 538 pm","583"
"168","473.60s","00:07:43","1,360","05:13:19. 538 pm","584"
"169","474.66s","00:07:44","1,360","05:13:21. 049 pm","586"
"170","476.49s","00:07:45","1,360","05:13:23. 434 pm","590"
"171","477.65s","00:07:47","1,360","05:13:23. 434 pm","590"
"172","478.75s","00:07:48","1,360","05:13:23. 434 pm","590"
"173","480.45s","00:07:50","1,360","05:13:26. 047 pm","591"
"174","482.21s","00:07:52","1,360","05:13:28. 058 pm","592"
"175","484.03s","00:07:54","1,360","05:13:29. 187 pm","594"
"176","486.10s","00:07:56","1,360","05:13:32. 556 pm","597"
"177","487.17s","00:07:57","1,360","05:13:32. 556 pm","597"
"178","491.54s","00:07:58","1,360","05:13:35. 562 pm","604"
"179","497.04s","00:08:03","1,360","05:13:41. 486 pm","610"
"180","503.15s","00:08:09","1,360","05:13:46. 784 pm","620"
"181","508.60s","00:08:14","1,360","05:13:52. 929 pm","632"
"182","514.58s","00:08:20","1,440","05:13:58. 434 pm","640"
"183","520.16s","00:08:26","1,440","05:14:04. 098 pm","650"
"184","526.20s","00:08:32","1,440","05:14:09. 760 pm","657"
"185","531.32s","00:08:37","1,440","05:14:14. 624 pm","666"
"186","537.04s","00:08:42","1,440","05:14:21. 696 pm","672"
"187","540.70s","00:08:51","1,440","05:14:26. 088 pm","678"
"188","541.87s","00:08:52","1,440","05:14:27. 716 pm","680"
"189","542.86s","00:08:53","1,440","05:14:28. 718 pm","682"
"190","543.74s","00:08:54","1,440","05:14:29. 842 pm","683"
"191","545.80s","00:08:55","1,440","05:14:32. 349 pm","687"
"192","546.71s","00:08:57","1,440","05:14:32. 867 pm","688"
"193","547.73s","00:08:58","1,440","05:14:33. 992 pm","690"
"194","548.97s","00:08:59","1,440","05:14:34. 492 pm","691"
"195","549.99s","00:09:00","1,440","05:14:36. 402 pm","692"
"196","551.00s","00:09:01","1,440","05:14:36. 402 pm","692"
"197","553.02s","00:09:02","1,440","05:14:39. 910 pm","695"
"198","553.98s","00:09:04","1,440","05:14:40. 910 pm","697"
"199","554.99s","00:09:05","1,440","05:14:40. 910 pm","697"
"200","556.01s","00:09:06","1,440","05:14:40. 910 pm","697"
"201","556.99s","00:09:07","1,440","05:14:43. 781 pm","698"
"202","557.98s","00:09:08","1,440","05:14:43. 781 pm","698"
"203","559.04s","00:09:09","1,440","05:14:45. 522 pm","699"
"204","560.04s","00:09:10","1,440","05:14:45. 522 pm","699"
"205","562.68s","00:09:11","1,440","05:14:49. 154 pm","705"
"206","563.77s","00:09:14","1,440","05:14:49. 907 pm","705"
"207","565.28s","00:09:15","1,440","05:14:51. 660 pm","707"
"208","566.29s","00:09:16","1,440","05:14:52. 904 pm","710"
"209","567.25s","00:09:17","1,440","05:14:53. 924 pm","712"
"210","568.28s","00:09:18","1,440","05:14:54. 929 pm","714"
"211","569.29s","00:09:19","1,440","05:14:56. 423 pm","716"
"212","570.28s","00:09:20","1,440","05:14:57. 056 pm","717"
"213","571.26s","00:09:21","1,440","05:14:57. 553 pm","719"
"214","572.26s","00:09:22","1,440","05:14:58. 054 pm","719"
"215","573.30s","00:09:23","1,440","05:14:59. 451 pm","722"
"216","574.27s","00:09:24","1,440","05:15:00. 072 pm","722"
"217","575.28s","00:09:25","1,440","05:15:02. 215 pm","725"
"218","576.29s","00:09:26","1,440","05:15:03. 088 pm","726"
"219","577.27s","00:09:27","1,440","05:15:03. 978 pm","27"
"220","578.30s","00:09:28","1,440","05:15:03. 978 pm","729"
"221","579.30s","00:09:29","1,440","05:15:05. 966 pm","730"
"222","580.28s","00:09:30","1,440","05:15:06. 960 pm","733"
"223","582.10s","00:09:31","1,440","05:15:07. 962 pm","734"
"224","583.14s","00:09:33","1,440","05:15:09. 839 pm","736"
"225","585.41s","00:09:34","1,440","05:15:10. 970 pm","740"
"226","587.25s","00:09:37","1,440","05:15:11. 963 pm","741"
"227","588.92s","00:09:39","1,440","05:15:15. 344 pm","744"
"228","590.61s","00:09:40","1,440","05:15:16. 860 pm","746"
"229","596.61s","00:09:42","1,440","05:15:20. 127 pm","754"
"230","602.76s","00:09:48","1,440","05:15:27. 309 pm","766"
"231","608.57s","00:09:54","1,440","05:15:32. 707 pm","771"
"232","614.43s","00:10:00","1,390","05:15:38. 100 pm","779"
"233","620.48s","00:10:06","1,390","05:15:44. 470 pm","783"
"234","626.32s","00:10:12","1,390","05:15:50. 592 pm","794"
"235","632.31s","00:10:18","1,390","05:15:55. 464 pm","796"
"236","638.44s","00:10:24","1,390","05:16:02. 346 pm","805"
"237","644.24s","00:10:30","1,390","05:16:07. 019 pm","813"
"238","648.37s","00:10:39","1,390","05:16:14. 021 pm","817"
"239","650.05s","00:10:40","1,390","05:16:16. 271 pm","821"
"240","651.06s","00:10:41","1,390","05:16:17. 799 pm","824"
"241","652.08s","00:10:42","1,390","05:16:17. 799 pm","824"
"242","653.07s","00:10:43","1,390","05:16:17. 799 pm","824"
"243","654.08s","00:10:44","1,390","05:16:17. 799 pm","824"
"244","655.13s","00:10:45","1,390","05:16:21. 717 pm","826"
"245","656.09s","00:10:46","1,390","05:16:21. 717 pm","826"
"246","657.08s","00:10:47","1,390","05:16:23. 736 pm","829"
"247","658.21s","00:10:48","1,390","05:16:24. 234 pm","831"
"248","659.48s","00:10:49","1,390","05:16:26. 107 pm","832"
"249","660.63s","00:10:50","1,390","05:16:26. 107 pm","832"
"250","661.59s","00:10:51","1,390","05:16:28. 227 pm","833"
"251","663.14s","00:10:52","1,390","05:16:29. 595 pm","834"
"252","664.10s","00:10:54","1,390","05:16:29. 595 pm","837"
"253","665.08s","00:10:55","1,390","05:16:31. 492 pm","839"
"254","666.11s","00:10:56","1,390","05:16:32. 489 pm","839"
"255","667.10s","00:10:57","1,390","05:16:32. 995 pm","841"
"256","668.13s","00:10:58","1,390","05:16:34. 560 pm","843"
"257","669.12s","00:10:59","1,390","05:16:35. 060 pm","845"
"258","670.07s","00:11:00","1,390","05:16:35. 567 pm","848"
"259","671.06s","00:11:01","1,390","05:16:37. 088 pm","849"
"260","672.08s","00:11:02","1,390","05:16:38. 599 pm","851"
"261","673.07s","00:11:03","1,390","05:16:38. 599 pm","854"
"262","674.07s","00:11:04","1,390","05:16:40. 111 pm","854"
"263","675.08s","00:11:05","1,390","05:16:41. 113 pm","857"
"264","676.08s","00:11:06","1,390","05:16:41. 620 pm","858"
"265","677.07s","00:11:07","1,390","05:16:42. 900 pm","858"
"266","678.07s","00:11:08","1,390","05:16:44. 644 pm","860"
"267","679.05s","00:11:09","1,390","05:16:45. 143 pm","862"
"268","680.07s","00:11:10","1,390","05:16:45. 652 pm","862"
"269","681.10s","00:11:11","1,390","05:16:45. 652 pm","862"
"270","682.08s","00:11:12","1,390","05:16:48. 402 pm","865"
"271","683.10s","00:11:13","1,390","05:16:50. 184 pm","868"
"272","684.11s","00:11:14","1,390","05:16:50. 184 pm","868"
"273","685.08s","00:11:15","1,390","05:16:51. 209 pm","870"
"274","686.07s","00:11:16","1,390","05:16:51. 209 pm","870"
"275","687.09s","00:11:17","1,390","05:16:51. 209 pm","870"
"276","688.12s","00:11:18","1,390","05:16:52. 699 pm","872"
"277","689.09s","00:11:19","1,390","05:16:53. 705 pm","874"
"278","690.10s","00:11:20","1,390","05:16:55. 221 pm","877"
"279","691.09s","00:11:21","1,390","05:16:56. 722 pm","879"
"280","692.08s","00:11:22","1,390","05:16:57. 220 pm","880"
"281","693.09s","00:11:23","1,390","05:16:58. 720 pm","880"
"282","694.09s","00:11:24","1,390","05:16:59. 981 pm","882"
"283","695.09s","00:11:25","1,390","05:17:02. 027 pm","886"
"284","696.09s","00:11:26","1,390","05:17:03. 046 pm","888"
"285","697.07s","00:11:27","1,390","05:17:03. 550 pm","888"
"286","698.11s","00:11:28","1,390","05:17:04. 557 pm","890"
"287","699.07s","00:11:29","1,390","05:17:05. 067 pm","891"
"288","700.07s","00:11:30","1,390","05:17:05. 067 pm","891"
"289","701.04s","00:11:31","1,390","05:17:05. 067 pm","892"
"290","702.07s","00:11:32","1,390","05:17:08. 467 pm","893"
"291","703.06s","00:11:33","1,390","05:17:08. 966 pm","896"
"292","704.10s","00:11:34","1,390","05:17:10. 598 pm","896"
"293","705.09s","00:11:35","1,390","05:17:10. 598 pm","897"
"294","706.07s","00:11:36","1,390","05:17:12. 222 pm","897"
"295","707.07s","00:11:37","1,390","05:17:12. 860 pm","898"
"296","708.07s","00:11:38","1,390","05:17:12. 860 pm","898"
"297","709.10s","00:11:39","1,390","05:17:15. 859 pm","900"
"298","710.10s","00:11:40","1,280","05:17:15. 859 pm","900"
"299","711.10s","00:11:41","1,280","05:17:17. 984 pm","903"
"300","712.10s","00:11:42","1,280","05:17:18. 490 pm","904"
"301","713.11s","00:11:43","1,280","05:17:19. 362 pm","905"
"302","714.09s","00:11:44","1,280","05:17:19. 990 pm","905"
"303","715.10s","00:11:45","1,280","05:17:20. 859 pm","906"
"304","716.09s","00:11:46","1,280","05:17:23. 367 pm","908"
"305","717.10s","00:11:47","1,280","05:17:23. 367 pm","908"
"306","718.10s","00:11:48","1,280","05:17:24. 379 pm","910"
"307","719.10s","00:11:49","1,280","05:17:25. 530 pm","911"
"308","720.10s","00:11:50","1,280","05:17:26. 060 pm","912"
"309","721.11s","00:11:51","1,280","05:17:26. 060 pm","912"
"310","723.41s","00:11:52","1,280","05:17:29. 558 pm","916"
"311","724.34s","00:11:54","1,280","05:17:30. 599 pm","918"
"312","725.45s","00:11:55","1,280","05:17:31. 614 pm","920"
"313","726.72s","00:11:56","1,280","05:17:33. 126 pm","924"
"314","727.91s","00:11:58","1,280","05:17:34. 140 pm","925"
"315","728.93s","00:11:59","1,280","05:17:35. 143 pm","927"
"316","729.89s","00:12:00","1,280","05:17:36. 650 pm","930"
"317","730.93s","00:12:01","1,280","05:17:38. 174 pm","933"
"318","732.12s","00:12:02","1,280","05:17:38. 672 pm","934"
"319","733.13s","00:12:03","1,280","05:17:39. 176 pm","935"
"320","734.14s","00:12:04","1,280","05:17:39. 176 pm","935"
"321","735.10s","00:12:05","1,280","05:17:42. 043 pm","936"
"322","736.15s","00:12:06","1,280","05:17:42. 793 pm","937"
"323","737.11s","00:12:07","1,280","05:17:44. 308 pm","940"
"324","738.07s","00:12:08","1,280","05:17:44. 930 pm","942"
"325","739.09s","00:12:09","1,280","05:17:45. 425 pm","942"
"326","740.12s","00:12:10","1,280","05:17:46. 685 pm","943"
"327","741.16s","00:12:11","1,280","05:17:47. 695 pm","945"
"328","742.13s","00:12:12","1,280","05:17:47. 695 pm","945"
"329","743.11s","00:12:13","1,280","05:17:47. 695 pm","946"
"330","744.11s","00:12:14","1,280","05:17:50. 207 pm","947"
"331","745.08s","00:12:15","1,280","05:17:51. 962 pm","949"
"332","746.09s","00:12:16","1,280","05:17:52. 461 pm","950"
"333","747.09s","00:12:17","1,280","05:17:53. 722 pm","953"
"334","748.10s","00:12:18","1,280","05:17:54. 221 pm","954"
"335","749.10s","00:12:19","1,280","05:17:55. 600 pm","956"
"336","750.10s","00:12:20","1,280","05:17:56. 602 pm","957"
"337","751.09s","00:12:21","1,280","05:17:57. 098 pm","958"
"338","752.09s","00:12:22","1,280","05:17:58. 231 pm","959"
"339","753.09s","00:12:23","1,280","05:17:58. 231 pm","959"
"340","754.09s","00:12:24","1,280","05:18:00. 969 pm","961"
"341","755.10s","00:12:25","1,280","05:18:00. 969 pm","961"
"342","756.12s","00:12:26","1,280","05:18:00. 969 pm","961"
"343","757.10s","00:12:27","1,280","05:18:03. 611 pm","962"
"344","758.08s","00:12:28","1,280","05:18:04. 734 pm","964"
"345","759.10s","00:12:29","1,280","05:18:05. 737 pm","967"
"346","760.08s","00:12:30","1,280","05:18:06. 739 pm","968"
"347","761.09s","00:12:31","1,280","05:18:07. 236 pm","969"
"348","762.07s","00:12:32","1,280","05:18:09. 010 pm","972"
"349","763.08s","00:12:33","1,280","05:18:09. 010 pm","975"
"350","764.08s","00:12:34","1,280","05:18:10. 498 pm","977"
"351","765.07s","00:12:35","1,280","05:18:11. 498 pm","977"
"352","766.06s","00:12:36","1,280","05:18:12. 495 pm","979"
"353","767.07s","00:12:37","1,280","05:18:12. 495 pm","981"
"354","768.08s","00:12:38","1,280","05:18:13. 488 pm","983"
"355","769.08s","00:12:39","1,280","05:18:14. 491 pm","983"
"356","770.10s","00:12:40","1,280","05:18:17. 015 pm","986"
"357","771.10s","00:12:41","1,280","05:18:17. 767 pm","987"
"358","772.10s","00:12:42","1,280","05:18:17. 767 pm","988"
"359","773.12s","00:12:43","1,280","05:18:19. 404 pm","990"
"360","774.07s","00:12:44","1,280","05:18:20. 033 pm","990"
"361","775.10s","00:12:45","1,280","05:18:20. 033 pm","991"
"362","776.10s","00:12:46","1,280","05:18:22. 043 pm","993"
"363","777.09s","00:12:47","1,280","05:18:23. 564 pm","997"
"364","778.10s","00:12:48","1,280","05:18:25. 208 pm","998"
"365","779.09s","00:12:49","1,280","05:18:25. 208 pm","998"
"366","780.08s","00:12:50","1,280","05:18:26. 845 pm","999"
"367","781.09s","00:12:51","1,280","05:18:27. 856 pm","1001"
"368","782.11s","00:12:52","1,280","05:18:28. 866 pm","1003"
"369","783.09s","00:12:53","1,280","05:18:28. 866 pm","1003"
"370","784.07s","00:12:54","1,280","05:18:31. 115 pm","1004"
"371","785.11s","00:12:55","1,280","05:18:31. 115 pm","1004"
"372","786.09s","00:12:56","1,280","05:18:32. 876 pm","1006"
"373","787.08s","00:12:57","1,280","05:18:32. 876 pm","1008"
"374","788.11s","00:12:58","1,280","05:18:34. 777 pm","1010"
"375","789.11s","00:12:59","1,280","05:18:35. 279 pm","1011"
"376","790.12s","00:13:00","1,280","05:18:36. 801 pm","1013"
"377","791.07s","00:13:01","1,280","05:18:37. 301 pm","1014"
"378","792.11s","00:13:02","1,280","05:18:38. 797 pm","1017"
"379","793.13s","00:13:03","1,280","05:18:39. 798 pm","1019"
"380","794.08s","00:13:04","1,280","05:18:40. 805 pm","1021"
"381","795.10s","00:13:05","1,280","05:18:40. 805 pm","1021"
"382","796.09s","00:13:06","1,280","05:18:40. 805 pm","1021"
"383","797.07s","00:13:07","1,280","05:18:43. 466 pm","1022"
"384","798.11s","00:13:08","1,280","05:18:44. 334 pm","1023"
"385","799.10s","00:13:09","1,280","05:18:45. 213 pm","1024"
"386","800.10s","00:13:10","1,280","05:18:45. 213 pm","1024"
"387","801.09s","00:13:11","1,280","05:18:45. 213 pm","1024"
"388","802.11s","00:13:12","1,280","05:18:49. 101 pm","1028"
"389","803.09s","00:13:13","1,280","05:18:49. 101 pm","1029"
"390","804.08s","00:13:14","1,280","05:18:50. 473 pm","1029"
"391","805.11s","00:13:15","1,280","05:18:51. 478 pm","1031"
"392","806.10s","00:13:16","1,280","05:18:52. 617 pm","1032"
"393","807.10s","00:13:17","1,280","05:18:53. 617 pm","1034"
"394","808.12s","00:13:18","1,280","05:18:54. 863 pm","1035"
"395","809.10s","00:13:19","1,280","05:18:55. 370 pm","1037"
"396","810.11s","00:13:20","1,360","05:18:56. 884 pm","1040"
"397","811.13s","00:13:21","1,360","05:18:58. 392 pm","1042"
"398","812.11s","00:13:22","1,360","05:18:58. 392 pm","1043"
"399","813.16s","00:13:23","1,360","05:19:00. 405 pm","1046"
"400","814.17s","00:13:24","1,360","05:19:00. 405 pm","1046"
"401","815.16s","00:13:25","1,360","05:19:00. 405 pm","1046"
"402","816.11s","00:13:26","1,360","05:19:00. 405 pm","1047"
"403","817.12s","00:13:27","1,360","05:19:02. 791 pm","1047"
"404","818.08s","00:13:28","1,360","05:19:04. 047 pm","1048"
"405","819.10s","00:13:29","1,360","05:19:04. 047 pm","1048"
"406","820.11s","00:13:30","1,360","05:19:04. 047 pm","1048"
"407","821.09s","00:13:31","1,360","05:19:04. 047 pm","1048"
"408","822.11s","00:13:32","1,360","05:19:07. 172 pm","1049"
"409","823.10s","00:13:33","1,360","05:19:07. 172 pm","1049"
"410","824.09s","00:13:34","1,360","05:19:07. 172 pm","1050"
"411","825.11s","00:13:35","1,360","05:19:08. 563 pm","1052"
"412","826.11s","00:13:36","1,360","05:19:09. 586 pm","1052"
"413","827.10s","00:13:37","1,360","05:19:09. 586 pm","1052"
"414","828.14s","00:13:38","1,360","05:19:09. 586 pm","1052"
"415","829.12s","00:13:39","1,360","05:19:13. 983 pm","1053"
"416","830.11s","00:13:40","1,360","05:19:15. 249 pm","1054"
"417","831.09s","00:13:41","1,360","05:19:15. 749 pm","1055"
"418","832.09s","00:13:42","1,360","05:19:16. 884 pm","1058"
"419","833.08s","00:13:43","1,360","05:19:17. 388 pm","1059"
"420","834.09s","00:13:44","1,360","05:19:20. 015 pm","1061"
"421","835.11s","00:13:45","1,360","05:19:21. 519 pm","1064"
"422","836.08s","00:13:46","1,360","05:19:22. 527 pm","1066"
"423","837.09s","00:13:47","1,360","05:19:23. 515 pm","1066"
"424","838.11s","00:13:48","1,360","05:19:23. 515 pm","1066"
"425","839.10s","00:13:49","1,360","05:19:23. 515 pm","1067"
"426","840.12s","00:13:50","1,360","05:19:26. 909 pm","1068"
"427","841.10s","00:13:51","1,360","05:19:26. 909 pm","1068"
"428","842.10s","00:13:52","1,360","05:19:26. 909 pm","1068"
"429","843.12s","00:13:53","1,360","05:19:26. 909 pm","1068"
"430","844.11s","00:13:54","1,360","05:19:26. 909 pm","1068"
"431","845.10s","00:13:55","1,360","05:19:31. 662 pm","1070"
"432","846.11s","00:13:56","1,360","05:19:32. 654 pm","1073"
"433","847.13s","00:13:57","1,360","05:19:33. 658 pm","1074"
"434","848.12s","00:13:58","1,360","05:19:34. 162 pm","1076"
"435","849.12s","00:13:59","1,360","05:19:35. 666 pm","1078"
"436","850.11s","00:14:00","1,360","05:19:35. 666 pm","1080"
"437","851.14s","00:14:01","1,360","05:19:36. 667 pm","1080"
"438","852.10s","00:14:02","1,360","05:19:37. 664 pm","1083"
"439","853.13s","00:14:03","1,360","05:19:38. 659 pm","1084"
"440","854.09s","00:14:04","1,360","05:19:38. 659 pm","1089"
"441","855.13s","00:14:05","1,360","05:19:41. 159 pm","1090"
"442","856.08s","00:14:06","1,360","05:19:42. 667 pm","1093"
"443","857.09s","00:14:07","1,360","05:19:43. 671 pm","1094"
"444","858.11s","00:14:08","1,360","05:19:44. 670 pm","1096"
"445","859.11s","00:14:09","1,360","05:19:45. 165 pm","1097"
"446","860.11s","00:14:10","1,360","05:19:45. 165 pm","1097"
"447","861.12s","00:14:11","1,360","05:19:45. 165 pm","1097"
"448","862.12s","00:14:12","1,360","05:19:45. 165 pm","1097"
"449","863.12s","00:14:13","1,360","05:19:50. 059 pm","1100"
"450","864.12s","00:14:14","1,360","05:19:51. 186 pm","1102"
"451","865.12s","00:14:15","1,360","05:19:51. 186 pm","1102"
"452","866.14s","00:14:16","1,360","05:19:53. 062 pm","1105"
"453","867.11s","00:14:17","1,360","05:19:53. 062 pm","1108"
"454","868.11s","00:14:18","1,360","05:19:55. 088 pm","1109"
"455","869.12s","00:14:19","1,360","05:19:56. 215 pm","1111"
"456","870.12s","00:14:20","1,360","05:19:57. 207 pm","1113"
"457","871.09s","00:14:21","1,360","05:19:57. 207 pm","1113"
"458","872.12s","00:14:22","1,360","05:19:58. 578 pm","1114"
"459","873.13s","00:14:23","1,360","05:19:58. 578 pm","1116"
"460","874.17s","00:14:24","1,360","05:20:00. 574 pm","1117"
"461","875.21s","00:14:25","1,360","05:20:01. 443 pm","1118"
"462","876.38s","00:14:26","1,360","05:20:01. 443 pm","1118"
"463","877.38s","00:14:27","1,360","05:20:01. 443 pm","1119"
"464","878.39s","00:14:28","1,360","05:20:05. 182 pm","1120"
"465","879.41s","00:14:29","1,360","05:20:05. 182 pm","1120"
"466","880.38s","00:14:30","1,360","05:20:07. 181 pm","1122"
"467","881.41s","00:14:31","1,360","05:20:07. 680 pm","1123"
"468","882.64s","00:14:32","1,360","05:20:08. 679 pm","1125"
"469","884.75s","00:14:34","1,360","05:20:10. 062 pm","1126"
"470","886.47s","00:14:36","1,360","05:20:13. 088 pm","1132"
"471","888.46s","00:14:38","1,360","05:20:13. 088 pm","1134"
"472","890.44s","00:14:40","1,360","05:20:17. 600 pm","1138"
"473","892.43s","00:14:42","1,360","05:20:19. 591 pm","1142"
"474","894.47s","00:14:44","1,360","05:20:21. 095 pm","1145"
"475","900.48s","00:14:46","1,360","05:20:24. 093 pm","1151"
"476","906.53s","00:14:52","1,360","05:20:30. 114 pm","1159"
"477","912.43s","00:14:58","1,360","05:20:35. 835 pm","1163"
"478","918.44s","00:15:04","1,250","05:20:41. 862 pm","1170"
"479","921.37s","00:15:10","1,250","05:20:48. 146 pm","1179"
"480","922.53s","00:15:12","1,250","05:20:48. 146 pm","1179"
"481","923.52s","00:15:13","1,250","05:20:49. 152 pm","1181"
"482","924.53s","00:15:14","1,250","05:20:49. 152 pm","1183"
"483","925.56s","00:15:15","1,250","05:20:51. 294 pm","1186"
"484","926.59s","00:15:16","1,250","05:20:53. 044 pm","1188"
"485","927.59s","00:15:17","1,250","05:20:53. 044 pm","1190"
"486","928.70s","00:15:18","1,250","05:20:55. 183 pm","1191"
"487","930.05s","00:15:19","1,250","05:20:56. 180 pm","1193"
"488","931.18s","00:15:21","1,250","05:20:57. 466 pm","1194"
"489","932.43s","00:15:22","1,250","05:20:58. 607 pm","1196"
"490","933.59s","00:15:23","1,250","05:20:59. 610 pm","1196"
"491","934.63s","00:15:24","1,250","05:20:59. 610 pm","1196"
"492","935.83s","00:15:25","1,250","05:21:02. 9545 pm","1200"
"493","937.12s","00:15:27","1,250","05:21:03. 554 pm","1203"
"494","938.18s","00:15:28","1,250","05:21:04. 050 pm","1205"
"495","939.19s","00:15:29","1,250","05:21:05. 574 pm","1207"
"496","940.24s","00:15:30","1,250","05:21:07. 221 pm","1208"
"497","941.23s","00:15:31","1,250","05:21:07. 221 pm","1210"
"498","942.19s","00:15:32","1,250","05:21:08. 750 pm","1211"
"499","943.21s","00:15:33","1,250","05:21:09. 246 pm","1212"
"500","944.20s","00:15:34","1,250","05:21:09. 246 pm","1213"
"501","945.27s","00:15:35","1,250","05:21:11. 380 pm","1213"
"502","946.27s","00:15:36","1,250","05:21:11. 877 pm","1215"
"503","947.25s","00:15:37","1,250","05:21:13. 380 pm","1217"
"504","948.26s","00:15:38","1,250","05:21:14. 382 pm","1219"
"505","949.27s","00:15:39","1,250","05:21:15. 504 pm","1220"
"506","950.25s","00:15:40","1,250","05:21:17. 134 pm","1221"
"507","951.23s","00:15:41","1,250","05:21:17. 636 pm","1222"
"508","952.23s","00:15:42","1,250","05:21:17. 636 pm","1223"
"509","953.24s","00:15:43","1,250","05:21:19. 899 pm","1225"
"510","954.25s","00:15:44","1,250","05:21:20. 395 pm","1225"
"511","955.32s","00:15:45","1,250","05:21:20. 395 pm","1225"
"512","956.49s","00:15:46","1,250","05:21:23. 310 pm","1226"
"513","957.50s","00:15:47","1,250","05:21:24. 053 pm","1227"
"514","958.51s","00:15:48","1,250","05:21:25. 554 pm","1229"
"515","959.50s","00:15:49","1,250","05:21:25. 554 pm","1230"
"516","960.51s","00:15:50","1,250","05:21:27. 047 pm","1231"
"517","961.49s","00:15:51","1,250","05:21:27. 047 pm","1232"
"518","962.52s","00:15:52","1,250","05:21:28. 544 pm","1232"
"519","963.48s","00:15:53","1,250","05:21:30. 049 pm","1233"
"520","964.47s","00:15:54","1,250","05:21:30. 049 pm","1233"
"521","965.50s","00:15:55","1,250","05:21:31. 413 pm","1235"
"522","966.48s","00:15:56","1,250","05:21:32. 938 pm","1237"
"523","967.47s","00:15:57","1,250","05:21:33. 436 pm","1238"
"524","968.48s","00:15:58","1,250","05:21:33. 935 pm","1239"
"525","969.54s","00:15:59","1,250","05:21:34. 445 pm","1240"
"526","970.74s","00:16:00","1,250","05:21:34. 445 pm","1241"
"527","971.75s","00:16:01","1,250","05:21:36. 704 pm","1242"
"528","972.74s","00:16:02","1,250","05:21:38. 875 pm","1245"
"529","973.77s","00:16:03","1,250","05:21:40. 118 pm","1246"
"530","974.77s","00:16:04","1,250","05:21:40. 118 pm","1246"
"531","975.77s","00:16:05","1,250","05:21:41. 269 pm","1248"
"532","976.78s","00:16:06","1,250","05:21:41. 269 pm","1250"
"533","977.77s","00:16:07","1,250","05:21:43. 390 pm","1251"
"534","978.78s","00:16:08","1,250","05:21:43. 894 pm","1252"
"535","979.77s","00:16:09","1,250","05:21:44. 642 pm","1253"
"536","980.78s","00:16:10","1,250","05:21:45. 760 pm","1253"
"537","981.75s","00:16:11","1,250","05:21:47. 754 pm","1255"
"538","982.79s","00:16:12","1,250","05:21:47. 754 pm","1256"
"539","983.97s","00:16:13","1,250","05:21:49. 870 pm","1258"
"540","984.98s","00:16:15","1,250","05:21:51. 384 pm","1259"
"541","985.96s","00:16:16","1,250","05:21:51. 882 pm","1262"
"542","986.96s","00:16:17","1,250","05:21:53. 140 pm","1264"
"543","988.00s","00:16:18","1,250","05:21:54. 657 pm","1266"
"544","988.98s","00:16:19","1,250","05:21:55. 690 pm","1267"
"545","989.98s","00:16:20","1,250","05:21:55. 690 pm","1269"
"546","990.99s","00:16:21","1,250","05:21:57. 191 pm","1270"
"547","991.98s","00:16:22","1,250","05:21:57. 690 pm","1271"
"548","992.97s","00:16:23","1,250","05:21:59. 062 pm","1273"
"549","994.00s","00:16:24","1,250","05:22:00. 685 pm","1274"
"550","995.00s","00:16:25","1,250","05:22:00. 685 pm","1274"
"551","996.01s","00:16:26","1,250","05:22:03. 103 pm","1276"
"552","997.01s","00:16:27","1,250","05:22:03. 606 pm","1277"
"553","997.99s","00:16:28","1,250","05:22:03. 606 pm","1277"
"554","998.97s","00:16:29","1,250","05:22:05. 116 pm","1280"
"555","1000.03s","00:16:30","1,250","05:22:06. 638 pm","1281"
"556","1001.00s","00:16:31","1,250","05:22:07. 659 pm","1284"
"557","1002.00s","00:16:32","1,250","05:22:08. 409 pm","1284"
"558","1003.03s","00:16:33","1,250","05:22:09. 540 pm","1285"
"559","1004.00s","00:16:34","1,250","05:22:10. 919 pm","1287"
"560","1005.06s","00:16:35","1,250","05:22:11. 417 pm","1287"
"561","1006.27s","00:16:36","1,250","05:22:12. 539 pm","1289"
"562","1007.32s","00:16:37","1,250","05:22:14. 535 pm","1292"
"563","1008.50s","00:16:38","1,250","05:22:15. 279 pm","1293"
"564","1009.51s","00:16:39","1,250","05:22:15. 279 pm","1293"
"565","1010.69s","00:16:40","1,320","05:22:16. 791 pm","1296"
"566","1011.81s","00:16:41","1,320","05:22:17. 795 pm","1297"
"567","1013.04s","00:16:43","1,320","05:22:19. 567 pm","1299"
"568","1014.25s","00:16:44","1,320","05:22:21. 070 pm","1301"
"569","1015.36s","00:16:45","1,320","05:22:21. 817 pm","1302"
"570","1016.52s","00:16:46","1,320","05:22:23. 446 pm","1305"
"571","1017.53s","00:16:47","1,320","05:22:23. 446 pm","1305"
"572","1018.55s","00:16:48","1,320","05:22:24. 442 pm","1306"
"573","1019.72s","00:16:49","1,320","05:22:25. 450 pm","1311"
"574","1020.77s","00:16:50","1,320","05:22:27. 465 pm","1313"
"575","1021.74s","00:16:51","1,320","05:22:28. 464 pm","1314"
"576","1022.70s","00:16:52","1,320","05:22:28. 969 pm","1315"
"577","1023.69s","00:16:53","1,320","05:22:30. 470 pm","1316"
"578","1024.71s","00:16:54","1,320","05:22:30. 968 pm","1318"
"579","1025.72s","00:16:55","1,320","05:22:32. 459 pm","1320"
"580","1026.71s","00:16:56","1,320","05:22:32. 459 pm","1321"
"581","1027.70s","00:16:57","1,320","05:22:33. 959 pm","1321"
"582","1028.71s","00:16:58","1,320","05:22:35. 335 pm","1324"
"583","1029.70s","00:16:59","1,320","05:22:36. 340 pm","1325"
"584","1030.66s","00:17:00","1,320","05:22:36. 340 pm","1327"
"585","1031.68s","00:17:01","1,320","05:22:37. 722 pm","1327"
"586","1032.70s","00:17:02","1,320","05:22:37. 722 pm","1327"
"587","1033.68s","00:17:03","1,320","05:22:37. 722 pm","1327"
"588","1034.69s","00:17:04","1,320","05:22:40. 998 pm","1328"
"589","1035.72s","00:17:05","1,320","05:22:40. 998 pm","1328"
"590","1036.71s","00:17:06","1,320","05:22:40. 998 pm","1328"
"591","1037.69s","00:17:07","1,320","05:22:40. 998 pm","1328"
"592","1038.70s","00:17:08","1,320","05:22:45. 278 pm","1330"
"593","1039.75s","00:17:09","1,320","05:22:46. 426 pm","1331"
"594","1040.78s","00:17:10","1,320","05:22:47. 436 pm","1334"
"595","1041.73s","00:17:11","1,320","05:22:48. 733 pm","1335"
"596","1042.72s","00:17:12","1,320","05:22:49. 365 pm","1337"
"597","1043.70s","00:17:13","1,320","05:22:50. 621 pm","1339"
"598","1044.70s","00:17:14","1,320","05:22:51. 616 pm","1340"
"599","1045.73s","00:17:15","1,320","05:22:51. 616 pm","1342"
"600","1046.71s","00:17:16","1,320","05:22:53. 117 pm","1345"
"601","1047.71s","00:17:17","1,320","05:22:54. 252 pm","1345"
"602","1048.74s","00:17:18","1,320","05:22:55. 126 pm","1347"
"603","1049.71s","00:17:19","1,320","05:22:56. 020 pm","1347"
"604","1050.68s","00:17:20","1,320","05:22:56. 020 pm","1347"
"605","1051.70s","00:17:21","1,320","05:22:56. 020 pm","1347"
"606","1052.72s","00:17:22","1,320","05:22:59. 166 pm","1352"
"607","1053.71s","00:17:23","1,320","05:22:59. 166 pm","1352"
"608","1054.70s","00:17:24","1,320","05:22:59. 166 pm","1353"
"609","1055.70s","00:17:25","1,320","05:23:01. 823 pm","1353"
"610","1056.71s","00:17:26","1,320","05:23:02. 876 pm","1356"
"611","1057.72s","00:17:27","1,320","05:23:03. 498 pm","1356"
"612","1058.71s","00:17:28","1,320","05:23:03. 498 pm","1356"
"613","1059.73s","00:17:29","1,320","05:23:03. 498 pm","1356"
"614","1060.70s","00:17:30","1,320","05:23:03. 498 pm","1356"
"615","1061.70s","00:17:31","1,320","05:23:03. 498 pm","1356"
"616","1062.74s","00:17:32","1,320","05:23:03. 498 pm","1356"
"617","1063.70s","00:17:33","1,320","05:23:08. 015 pm","1357"
"618","1064.69s","00:17:34","1,320","05:23:08. 525 pm","1359"
"619","1065.72s","00:17:35","1,320","05:23:09. 281 pm","1359"
"620","1066.67s","00:17:36","1,320","05:23:10. 282 pm","1360"
"621","1067.67s","00:17:37","1,320","05:23:11. 275 pm","1362"
"622","1068.67s","00:17:38","1,320","05:23:12. 526 pm","1362"
"623","1069.67s","00:17:39","1,320","05:23:14. 919 pm","1364"
"624","1070.69s","00:17:40","1,320","05:23:15. 423 pm","1365"
"625","1071.71s","00:17:41","1,320","05:23:17. 175 pm","1366"
"626","1072.69s","00:17:42","1,320","05:23:17. 175 pm","1366"
"627","1073.71s","00:17:43","1,320","05:23:17. 175 pm","1366"
"628","1074.73s","00:17:44","1,320","05:23:17. 175 pm","1366"
"629","1075.70s","00:17:45","1,320","05:23:19. 672 pm","1370"
"630","1076.71s","00:17:46","1,320","05:23:21. 166 pm","1371"
"631","1077.70s","00:17:47","1,320","05:23:21. 682 pm","1373"
"632","1078.72s","00:17:48","1,320","05:23:24. 210 pm","1374"
"633","1079.71s","00:17:49","1,320","05:23:24. 210 pm","1375"
"634","1080.71s","00:17:50","1,320","05:23:27. 472 pm","1376"
"635","1081.69s","00:17:51","1,320","05:23:27. 472 pm","1376"
"636","1082.67s","00:17:52","1,320","05:23:29. 470 pm","1379"
"637","1083.68s","00:17:53","1,320","05:23:29. 971 pm","1379"
"638","1084.69s","00:17:54","1,320","05:23:30. 985 pm","1383"
"639","1085.68s","00:17:55","1,320","05:23:31. 987 pm","1384"
"640","1086.70s","00:17:56","1,320","05:23:32. 482 pm","1384"
"641","1087.67s","00:17:57","1,320","05:23:34. 476 pm","1385"
"642","1088.72s","00:17:58","1,320","05:23:34. 476 pm","1385"
"643","1089.71s","00:17:59","1,320","05:23:34. 476 pm","1385"
"644","1090.73s","00:18:00","1,320","05:23:36. 739 pm","1387"
"645","1091.70s","00:18:01","1,320","05:23:36. 739 pm","1387"
"646","1092.72s","00:18:02","1,320","05:23:36. 739 pm","1388"
"647","1093.71s","00:18:03","1,320","05:23:40. 140 pm","1389"
"648","1094.69s","00:18:04","1,320","05:23:40. 894 pm","1390"
"649","1095.71s","00:18:05","1,320","05:23:40. 894 pm","1390"
"650","1096.71s","00:18:06","1,320","05:23:40. 894 pm","1390"
"651","1097.67s","00:18:07","1,320","05:23:44. 039 pm","1391"
"652","1098.69s","00:18:08","1,320","05:23:45. 301 pm","1393"
"653","1099.70s","00:18:09","1,320","05:23:46. 310 pm","1395"
"654","1100.67s","00:18:10","1,320","05:23:46. 815 pm","1397"
"655","1101.67s","00:18:11","1,320","05:23:48. 347 pm","1399"
"656","1102.69s","00:18:12","1,320","05:23:48. 848 pm","1399"
"657","1103.69s","00:18:13","1,320","05:23:49. 980 pm","1402"
"658","1104.68s","00:18:14","1,320","05:23:50. 999 pm","1402"
"659","1105.74s","00:18:15","1,320","05:23:50. 999 pm","1402"
"660","1106.72s","00:18:16","1,320","05:23:50. 999 pm","1402"
"661","1107.68s","00:18:17","1,320","05:23:50. 999 pm","1402"
"662","1108.69s","00:18:18","1,320","05:23:55. 124 pm","1404"
"663","1109.71s","00:18:19","1,320","05:23:55. 124 pm","1404"
"664","1110.71s","00:18:20","1,110","05:23:55. 124 pm","1405"
"665","1111.72s","00:18:21","1,110","05:23:57. 368 pm","1405"
"666","1112.69s","00:18:22","1,110","05:23:57. 368 pm","1405"
"667","1113.68s","00:18:23","1,110","05:23:59. 981 pm","1407"
"668","1114.69s","00:18:24","1,110","05:24:00. 481 pm","1408"
"669","1115.69s","00:18:25","1,110","05:24:01. 602 pm","1409"
"670","1116.68s","00:18:26","1,110","05:24:03. 243 pm","1410"
"671","1117.72s","00:18:27","1,110","05:24:03. 243 pm","1410"
"672","1118.68s","00:18:28","1,110","05:24:05. 239 pm","1411"
"673","1119.69s","00:18:29","1,110","05:24:05. 746 pm","1414"
"674","1120.74s","00:18:30","1,110","05:24:06. 739 pm","1414"
"675","1121.72s","00:18:31","1,110","05:24:08. 496 pm","1416"
"676","1122.74s","00:18:32","1,110","05:24:09. 501 pm","1417"
"677","1123.80s","00:18:33","1,110","05:24:10. 523 pm","1420"
"678","1124.95s","00:18:34","1,110","05:24:12. 044 pm","1422"
"679","1125.98s","00:18:35","1,110","05:24:12. 044 pm","1422"
"680","1127.01s","00:18:36","1,110","05:24:12. 542 pm","1423"
"681","1127.97s","00:18:37","1,110","05:24:12. 542 pm","1423"
"682","1128.97s","00:18:38","1,110","05:24:12. 542 pm","1424"
"683","1129.95s","00:18:39","1,110","05:24:16. 058 pm","1424"
"684","1130.95s","00:18:40","1,110","05:24:16. 058 pm","1424"
"685","1131.94s","00:18:41","1,110","05:24:16. 058 pm","1424"
"686","1132.97s","00:18:42","1,110","05:24:16. 058 pm","1425"
"687","1133.94s","00:18:43","1,110","05:24:20. 917 pm","1426"
"688","1134.96s","00:18:44","1,110","05:24:20. 917 pm","1426"
"689","1135.97s","00:18:45","1,110","05:24:23. 035 pm","1427"
"690","1136.95s","00:18:46","1,110","05:24:23. 035 pm","1428"
"691","1137.93s","00:18:47","1,110","05:24:24. 652 pm","1429"
"692","1138.97s","00:18:49","1,110","05:24:24. 652 pm","1431"
"693","1140.19s","00:18:50","1,110","05:24:26. 890 pm","1432"
"694","1141.20s","00:18:51","1,110","05:24:26. 890 pm","1435"
"695","1142.21s","00:18:52","1,110","05:24:28. 396 pm","1436"
"696","1143.22s","00:18:53","1,110","05:24:28. 897 pm","1437"
"697","1144.19s","00:18:54","1,110","05:24:30. 964 pm","1439"
"698","1145.19s","00:18:55","1,110","05:24:32. 232 pm","1440"
"699","1146.21s","00:18:56","1,110","05:24:33. 254 pm","1442"
"700","1147.20s","00:18:57","1,110","05:24:33. 905 pm","1443"
"701","1148.20s","00:18:58","1,110","05:24:33. 905 pm","1444"
"702","1149.20s","00:18:59","1,110","05:24:36. 161 pm","1445"
"703","1150.21s","00:19:00","1,110","05:24:36. 161 pm","1445"
"704","1151.18s","00:19:01","1,110","05:24:37. 674 pm","1448"
"705","1152.18s","00:19:02","1,110","05:24:38. 705 pm","1451"
"706","1153.25s","00:19:03","1,110","05:24:39. 458 pm","1451"
"707","1154.20s","00:19:04","1,110","05:24:39. 458 pm","1451"
"708","1155.21s","00:19:05","1,110","05:24:39. 458 pm","1451"
"709","1156.20s","00:19:06","1,110","05:24:39. 458 pm","1453"
"710","1157.21s","00:19:07","1,110","05:24:43. 095 pm","1453"
"711","1158.23s","00:19:08","1,110","05:24:44. 475 pm","1454"
"712","1159.21s","00:19:09","1,110","05:24:45. 591 pm","1455"
"713","1160.19s","00:19:10","1,110","05:24:46. 214 pm","1457"
"714","1161.21s","00:19:11","1,110","05:24:47. 222 pm","1459"
"715","1162.22s","00:19:12","1,110","05:24:49. 223 pm","1460"
"716","1163.18s","00:19:13","1,110","05:24:49. 223 pm","1461"
"717","1164.18s","00:19:14","1,110","05:24:50. 343 pm","1462"
"718","1165.20s","00:19:15","1,110","05:24:51. 467 pm","1462"
"719","1166.20s","00:19:16","1,110","05:24:51. 467 pm","1463"
"720","1167.18s","00:19:17","1,110","05:24:53. 618 pm","1465"
"721","1168.19s","00:19:18","1,110","05:24:54. 115 pm","1467"
"722","1169.19s","00:19:19","1,110","05:24:55. 118 pm","1470"
"723","1170.19s","00:19:20","1,110","05:24:56. 661 pm","1472"
"724","1171.22s","00:19:21","1,110","05:24:58. 164 pm","1474"
"725","1172.18s","00:19:22","1,110","05:24:58. 664 pm","1475"
"726","1173.18s","00:19:23","1,110","05:24:59. 166 pm","1476"
"727","1174.23s","00:19:24","1,110","05:25:00. 161 pm","1479"
"728","1175.19s","00:19:25","1,110","05:25:01. 187 pm","1480"
"729","1176.19s","00:19:26","1,110","05:25:02. 187 pm","1481"
"730","1177.21s","00:19:27","1,110","05:25:02. 690 pm","1483"
"731","1178.19s","00:19:28","1,110","05:25:05. 213 pm","1485"
"732","1179.19s","00:19:29","1,110","05:25:05. 213 pm","1487"
"733","1180.24s","00:19:30","1,110","05:25:06. 723 pm","1488"
"734","1181.21s","00:19:31","1,110","05:25:07. 231 pm","1489"
"735","1182.19s","00:19:32","1,110","05:25:08. 243 pm","1493"
"736","1183.22s","00:19:33","1,110","05:25:10. 254 pm","1495"
"737","1184.20s","00:19:34","1,110","05:25:10. 754 pm","1496"
"738","1185.20s","00:19:35","1,110","05:25:10. 754 pm","1496"
"739","1186.22s","00:19:36","1,110","05:25:10. 754 pm","1497"
"740","1187.20s","00:19:37","1,110","05:25:13. 630 pm","1497"
"741","1188.20s","00:19:38","1,110","05:25:15. 029 pm","1499"
"742","1189.20s","00:19:39","1,110","05:25:15. 900 pm","1500"
"743","1190.18s","00:19:40","1,110","05:25:15. 900 pm","1500"
"744","1191.17s","00:19:41","1,110","05:25:15. 900 pm","1500"
"745","1192.20s","00:19:42","1,110","05:25:15. 900 pm","1503"
"746","1193.18s","00:19:43","1,110","05:25:19. 031 pm","1503"
"747","1194.19s","00:19:44","1,110","05:25:20. 282 pm","1505"
"748","1195.22s","00:19:45","1,110","05:25:21. 777 pm","1506"
"749","1196.19s","00:19:46","1,110","05:25:22. 768 pm","1509"
"750","1197.19s","00:19:47","1,110","05:25:23. 270 pm","1509"
"751","1198.20s","00:19:48","1,110","05:25:23. 270 pm","1509"
"752","1199.21s","00:19:49","1,110","05:25:23. 270 pm","1509"
"753","1200.21s","00:19:50","1,110","05:25:23. 270 pm","1509"
"754","1201.23s","00:19:51","1,110","05:25:27. 268 pm","1511"
"755","1202.18s","00:19:52","1,110","05:25:27. 895 pm","1511"
"756","1203.20s","00:19:53","1,110","05:25:27. 895 pm","1511"
"757","1204.28s","00:19:54","1,110","05:25:27. 895 pm","1512"
"758","1205.25s","00:19:55","1,110","05:25:32. 291 pm","1514"
"759","1206.22s","00:19:56","1,110","05:25:32. 791 pm","1515"
"760","1207.20s","00:19:57","1,110","05:25:32. 791 pm","1515"
"761","1208.22s","00:19:58","1,110","05:25:32. 791 pm","1515"
"762","1209.23s","00:19:59","1,110","05:25:35. 416 pm","1517"
"763","1210.19s","00:20:00","1,130","05:25:36. 413 pm","1519"
"764","1211.21s","00:20:01","1,130","05:25:38. 154 pm","1521"
"765","1212.19s","00:20:02","1,130","05:25:38. 154 pm","1521"
"766","1213.19s","00:20:03","1,130","05:25:39. 157 pm","1524"
"767","1214.19s","00:20:04","1,130","05:25:39. 660 pm","1524"
"768","1215.22s","00:20:05","1,130","05:25:40. 685 pm","1525"
"769","1216.18s","00:20:06","1,130","05:25:40. 685 pm","1526"
"770","1217.18s","00:20:07","1,130","05:25:42. 695 pm","1527"
"771","1218.19s","00:20:08","1,130","05:25:42. 695 pm","1527"
"772","1219.19s","00:20:09","1,130","05:25:42. 695 pm","1528"
"773","1220.17s","00:20:10","1,130","05:25:43. 686 pm","1530"
"774","1221.22s","00:20:11","1,130","05:25:45. 699 pm","1530"
"775","1222.20s","00:20:12","1,130","05:25:45. 699 pm","1530"
"776","1223.19s","00:20:13","1,130","05:25:45. 699 pm","1530"
"777","1224.19s","00:20:14","1,130","05:25:45. 699 pm","1532"
"778","1225.18s","00:20:15","1,130","05:25:51. 078 pm","1533"
"779","1226.18s","00:20:16","1,130","05:25:52. 600 pm","1535"
"780","1227.52s","00:20:17","1,130","05:25:53. 357 pm","1535"
"781","1228.86s","00:20:18","1,130","05:25:55. 123 pm","1539"
"782","1230.00s","00:20:20","1,130","05:25:56. 631 pm","1542"
"783","1231.45s","00:20:21","1,130","05:25:57. 129 pm","1542"
"784","1232.47s","00:20:22","1,130","05:25:58. 130 pm","1546"
"785","1233.47s","00:20:23","1,130","05:25:59. 138 pm","1548"
"786","1234.50s","00:20:24","1,130","05:26:00. 639 pm","1551"
"787","1235.48s","00:20:25","1,130","05:26:02. 153 pm","1552"
"788","1236.49s","00:20:26","1,130","05:26:02. 153 pm","1552"
"789","1237.51s","00:20:27","1,130","05:26:03. 661 pm","1557"
"790","1238.51s","00:20:28","1,130","05:26:05. 186 pm","1558"
"791","1239.50s","00:20:29","1,130","05:26:05. 186 pm","1558"
"792","1240.50s","00:20:30","1,130","05:26:05. 186 pm","1558"
"793","1241.53s","00:20:31","1,130","05:26:05. 186 pm","1558"
"794","1242.53s","00:20:32","1,130","05:26:05. 186 pm","1558"
"795","1243.52s","00:20:33","1,130","05:26:05. 186 pm","1558"
"796","1244.51s","00:20:34","1,130","05:26:05. 186 pm","1558"
"797","1245.49s","00:20:35","1,130","05:26:11. 202 pm","1563"
"798","1246.49s","00:20:36","1,130","05:26:13. 213 pm","1564"
"799","1247.50s","00:20:37","1,130","05:26:14. 709 pm","1567"
"800","1248.50s","00:20:38","1,130","05:26:14. 709 pm","1567"
"801","1249.50s","00:20:39","1,130","05:26:15. 711 pm","1569"
"802","1250.50s","00:20:40","1,130","05:26:16. 708 pm","1571"
"803","1251.51s","00:20:41","1,130","05:26:16. 708 pm","1573"
"804","1252.49s","00:20:42","1,130","05:26:17. 716 pm","1574"
"805","1253.49s","00:20:43","1,130","05:26:18. 845 pm","1575"
"806","1254.56s","00:20:44","1,130","05:26:19. 345 pm","1576"
"807","1255.72s","00:20:45","1,130","05:26:20. 219 pm","1577"
"808","1256.75s","00:20:46","1,130","05:26:22. 714 pm","1579"
"809","1257.75s","00:20:47","1,130","05:26:23. 716 pm","1581"
"810","1258.75s","00:20:48","1,130","05:26:24. 231 pm","1581"
"811","1259.75s","00:20:49","1,130","05:26:26. 501 pm","1584"
"812","1260.74s","00:20:50","1,130","05:26:27. 502 pm","1586"
"813","1261.73s","00:20:51","1,130","05:26:27. 502 pm","1586"
"814","1262.73s","00:20:52","1,130","05:26:29. 379 pm","1587"
"815","1263.76s","00:20:53","1,130","05:26:29. 379 pm","1587"
"816","1264.75s","00:20:54","1,130","05:26:31. 375 pm","1588"
"817","1265.76s","00:20:55","1,130","05:26:32. 880 pm","1591"
"818","1266.77s","00:20:56","1,130","05:26:32. 880 pm","1592"
"819","1267.77s","00:20:57","1,130","05:26:33. 377 pm","1594"
"820","1268.75s","00:20:58","1,130","05:26:34. 375 pm","1594"
"821","1269.78s","00:20:59","1,130","05:26:35. 371 pm","1598"
"822","1270.80s","00:21:00","1,130","05:26:36. 885 pm","1600"
"823","1272.08s","00:21:01","1,130","05:26:38. 946 pm","1604"
"824","1273.40s","00:21:03","1,130","05:26:40. 445 pm","1606"
"825","1274.50s","00:21:04","1,130","05:26:40. 941 pm","1607"
"826","1275.73s","00:21:05","1,130","05:26:41. 942 pm","1609"
"827","1276.80s","00:21:06","1,130","05:26:43. 477 pm","1612"
"828","1278.03s","00:21:07","1,130","05:26:44. 972 pm","1615"
"829","1279.24s","00:21:09","1,130","05:26:45. 610 pm","1617"
"830","1280.58s","00:21:10","1,130","05:26:47. 392 pm","1619"
"831","1282.13s","00:21:11","1,130","05:26:48. 391 pm","1621"
"832","1284.03s","00:21:13","1,130","05:26:50. 146 pm","1622"
"833","1286.12s","00:21:15","1,130","05:26:52. 900 pm","1625"
"834","1287.98s","00:21:17","1,130","05:26:53. 431 pm","1628"
"835","1292.75s","00:21:19","1,130","05:26:57. 063 pm","1632"
"836","1298.67s","00:21:24","1,130","05:27:03. 094 pm","1644"
"837","1302.50s","00:21:30","1,130","05:27:07. 368 pm","1646"
"838","1303.70s","00:21:33","1,130","05:27:07. 368 pm","1646"
"839","1304.94s","00:21:34","1,130","05:27:11. 010 pm","1648"
"840","1306.07s","00:21:35","1,130","05:27:11. 523 pm","1651"
"841","1307.39s","00:21:37","1,130","05:27:13. 654 pm","1652"
"842","1308.36s","00:21:38","1,130","05:27:14. 659 pm","1654"
"843","1309.59s","00:21:39","1,130","05:27:15. 174 pm","1655"
"844","1311.60s","00:21:41","1,380","05:27:17. 440 pm","1657"
"845","1313.54s","00:21:43","1,380","05:27:19. 321 pm","1659"
"846","1319.70s","00:21:45","1,380","05:27:23. 834 pm","1665"
"847","1322.52s","00:21:50","1,380","05:27:25. 450 pm","1665"
"848","1323.68s","00:21:53","1,380","05:27:29. 822 pm","1667"
"849","1324.62s","00:21:54","1,380","05:27:30. 821 pm","1668"
"850","1325.72s","00:21:55","1,380","05:27:30. 821 pm","1670"
"851","1326.90s","00:21:56","1,380","05:27:32. 710 pm","1670"
"852","1327.87s","00:21:57","1,380","05:27:34. 337 pm","1672"
"853","1328.88s","00:21:58","1,380","05:27:35. 088 pm","1673"
"854","1329.94s","00:21:59","1,380","05:27:36. 471 pm","1674"
"855","1330.90s","00:22:00","1,380","05:27:36. 471 pm","1674"
"856","1331.89s","00:22:01","1,380","05:27:38. 750 pm","1676"
"857","1332.91s","00:22:02","1,380","05:27:39. 250 pm","1677"
"858","1333.96s","00:22:03","1,380","05:27:40. 651 pm","1678"
"859","1335.13s","00:22:05","1,380","05:27:40. 651 pm","1680"
"860","1336.14s","00:22:06","1,380","05:27:42. 153 pm","1680"
"861","1337.15s","00:22:07","1,380","05:27:43. 652 pm","1681"
"862","1338.15s","00:22:08","1,380","05:27:45. 153 pm","1684"
"863","1339.15s","00:22:09","1,380","05:27:45. 656 pm","1685"
"864","1340.16s","00:22:10","1,380","05:27:46. 671 pm","1687"
"865","1341.16s","00:22:11","1,380","05:27:47. 668 pm","1689"
"866","1342.16s","00:22:12","1,380","05:27:49. 051 pm","1691"
"867","1343.15s","00:22:13","1,380","05:27:49. 051 pm","1693"
"868","1344.18s","00:22:14","1,380","05:27:50. 679 pm","1694"
"869","1345.15s","00:22:15","1,380","05:27:51. 803 pm","1696"
"870","1346.13s","00:22:16","1,380","05:27:51. 803 pm","1696"
"871","1347.14s","00:22:17","1,380","05:27:51. 803 pm","1698"
"872","1348.15s","00:22:18","1,380","05:27:53. 288 pm","1699"
"873","1349.17s","00:22:19","1,380","05:27:54. 799 pm","1702"
"874","1350.14s","00:22:20","1,380","05:27:54. 799 pm","1703"
"875","1351.15s","00:22:21","1,380","05:27:56. 926 pm","1705"
"876","1352.16s","00:22:22","1,380","05:27:56. 926 pm","1705"
"877","1353.21s","00:22:23","1,380","05:27:57. 437 pm","1706"
"878","1354.42s","00:22:24","1,380","05:28:00. 075 pm","1709"
"879","1355.41s","00:22:25","1,380","05:28:00. 572 pm","1710"
"880","1356.42s","00:22:26","1,380","05:28:00. 572 pm","1710"
"881","1357.42s","00:22:27","1,380","05:28:03. 223 pm","1712"
"882","1358.42s","00:22:28","1,380","05:28:03. 726 pm","1714"
"883","1359.42s","00:22:29","1,380","05:28:05. 469 pm","1715"
"884","1360.45s","00:22:30","1,380","05:28:05. 469 pm","1716"
"885","1361.63s","00:22:31","1,380","05:28:08. 224 pm","1717"
"886","1362.64s","00:22:32","1,380","05:28:09. 352 pm","1719"
"887","1363.63s","00:22:33","1,380","05:28:10. 728 pm","1721"
"888","1364.63s","00:22:34","1,380","05:28:10. 728 pm","1721"
"889","1365.65s","00:22:35","1,380","05:28:12. 767 pm","1724"
"890","1366.64s","00:22:36","1,380","05:28:12. 767 pm","1724"
"891","1367.63s","00:22:37","1,380","05:28:14. 507 pm","1725"
"892","1368.61s","00:22:38","1,380","05:28:15. 253 pm","1726"
"893","1369.63s","00:22:39","1,380","05:28:16. 254 pm","1727"
"894","1370.64s","00:22:40","1,380","05:28:17. 502 pm","1730"
"895","1371.63s","00:22:41","1,380","05:28:18. 010 pm","1730"
"896","1372.69s","00:22:42","1,380","05:28:18. 010 pm","1730"
"897","1373.67s","00:22:43","1,380","05:28:20. 260 pm","1731"
"898","1374.67s","00:22:44","1,380","05:28:20. 757 pm","1733"
"899","1375.65s","00:22:45","1,380","05:28:21. 257 pm","1734"
"900","1376.64s","00:22:46","1,380","05:28:22. 389 pm","1735"
"901","1377.65s","00:22:47","1,380","05:28:23. 892 pm","1737"
"902","1378.64s","00:22:48","1,380","05:28:25. 016 pm","1737"
"903","1379.69s","00:22:49","1,380","05:28:25. 016 pm","1737"
"904","1380.71s","00:22:50","1,380","05:28:26. 146 pm","1738"
"905","1381.91s","00:22:51","1,380","05:28:27. 520 pm","1740"
"906","1382.90s","00:22:52","1,380","05:28:27. 520 pm","1740"
"907","1383.89s","00:22:53","1,380","05:28:29. 524 pm","1742"
"908","1384.89s","00:22:54","1,380","05:28:31. 526 pm","1745"
"909","1385.92s","00:22:55","1,380","05:28:33. 028 pm","1747"
"910","1387.19s","00:22:56","1,380","05:28:34. 027 pm","1749"
"911","1388.48s","00:22:58","1,380","05:28:35. 026 pm","1752"
"912","1389.72s","00:22:59","1,380","05:28:36. 020 pm","1753"
"913","1391.44s","00:23:00","1,380","05:28:37. 040 pm","1757"
"914","1392.67s","00:23:02","1,380","05:28:38. 055 pm","1757"
"915","1393.91s","00:23:03","1,380","05:28:38. 055 pm","1759"
"916","1395.14s","00:23:04","1,380","05:28:39. 072 pm","1762"
"917","1396.23s","00:23:05","1,380","05:28:40. 578 pm","1762"
"918","1397.41s","00:23:07","1,380","05:28:43. 591 pm","1765"
"919","1398.66s","00:23:08","1,380","05:28:44. 847 pm","1769"
"920","1399.92s","00:23:09","1,380","05:28:45. 858 pm","1769"
"921","1401.12s","00:23:10","1,380","05:28:45. 858 pm","1769"
"922","1402.10s","00:23:12","1,380","05:28:45. 858 pm","1771"
"923","1403.08s","00:23:13","1,380","05:28:48. 968 pm","1773"
"924","1404.32s","00:23:14","1,380","05:28:50. 983 pm","1774"
"925","1405.29s","00:23:15","1,380","05:28:52. 109 pm","1776"
"926","1406.32s","00:23:16","1,380","05:28:52. 109 pm","1776"
"927","1407.35s","00:23:17","1,380","05:28:53. 861 pm","1777"
"928","1408.36s","00:23:18","1,380","05:28:55. 488 pm","1780"
"929","1409.36s","00:23:19","1,380","05:28:55. 488 pm","1780"
"930","1410.36s","00:23:20","1,250","05:28:55. 488 pm","1782"
"931","1411.34s","00:23:21","1,250","05:28:57. 499 pm","1783"
"932","1412.41s","00:23:22","1,250","05:28:57. 998 pm","1786"
"933","1413.56s","00:23:23","1,250","05:28:59. 001 pm","1787"
"934","1414.54s","00:23:24","1,250","05:29:01. 132 pm","1788"
"935","1415.55s","00:23:25","1,250","05:29:01. 642 pm","1789"
"936","1416.56s","00:23:26","1,250","05:29:01. 642 pm","1789"
"937","1417.61s","00:23:27","1,250","05:29:03. 400 pm","1791"
"938","1418.57s","00:23:28","1,250","05:29:05. 270 pm","1793"
"939","1419.56s","00:23:29","1,250","05:29:05. 764 pm","1794"
"940","1420.72s","00:23:30","1,250","05:29:06. 512 pm","1794"
"941","1421.87s","00:23:31","1,250","05:29:06. 512 pm","1794"
"942","1422.87s","00:23:32","1,250","05:29:09. 633 pm","1795"
"943","1424.23s","00:23:33","1,250","05:29:09. 633 pm","1795"
"944","1425.73s","00:23:35","1,250","05:29:11. 390 pm","1797"
"945","1426.80s","00:23:36","1,250","05:29:12. 635 pm","1799"
"946","1428.04s","00:23:37","1,250","05:29:14. 898 pm","1800"
"947","1429.15s","00:23:39","1,250","05:29:14. 898 pm","1801"
"948","1430.16s","00:23:40","1,250","05:29:16. 142 pm","1801"
"949","1431.27s","00:23:41","1,250","05:29:17. 262 pm","1802"
"950","1432.43s","00:23:42","1,250","05:29:19. 133 pm","1804"
"951","1433.41s","00:23:43","1,250","05:29:19. 133 pm","1804"
"952","1434.46s","00:23:44","1,250","05:29:21. 015 pm","1805"
"953","1435.47s","00:23:45","1,250","05:29:21. 514 pm","1806"
"954","1436.47s","00:23:46","1,250","05:29:21. 514 pm","1807"
"955","1437.53s","00:23:47","1,250","05:29:23. 536 pm","1808"
"956","1438.65s","00:23:48","1,250","05:29:23. 536 pm","1809"
"957","1439.65s","00:23:49","1,250","05:29:25. 539 pm","1809"
"958","1440.68s","00:23:50","1,250","05:29:27. 425 pm","1810"
"959","1441.72s","00:23:51","1,250","05:29:27. 425 pm","1810"
"960","1442.75s","00:23:52","1,250","05:29:27. 425 pm","1810"
"961","1443.97s","00:23:53","1,250","05:29:27. 425 pm","1810"
"962","1444.98s","00:23:54","1,250","05:29:31. 058 pm","1812"
"963","1446.01s","00:23:55","1,250","05:29:32. 061 pm","1814"
"964","1447.22s","00:23:57","1,250","05:29:33. 567 pm","1817"
"965","1448.28s","00:23:58","1,250","05:29:35. 082 pm","1820"
"966","1449.53s","00:23:59","1,250","05:29:35. 582 pm","1822"
"967","1450.79s","00:24:00","1,250","05:29:36. 082 pm","1822"
"968","1452.02s","00:24:01","1,250","05:29:38. 594 pm","1826"
"969","1453.27s","00:24:03","1,250","05:29:39. 094 pm","1827"
"970","1454.51s","00:24:04","1,250","05:29:39. 590 pm","1828"
"971","1455.74s","00:24:05","1,250","05:29:41. 087 pm","1830"
"972","1456.78s","00:24:06","1,250","05:29:41. 087 pm","1831"
"973","1458.00s","00:24:07","1,250","05:29:43. 347 pm","1831"
"974","1459.24s","00:24:09","1,250","05:29:45. 614 pm","1833"
"975","1460.34s","00:24:10","1,250","05:29:46. 881 pm","1836"
"976","1461.61s","00:24:11","1,250","05:29:47. 380 pm","1837"
"977","1462.77s","00:24:12","1,250","05:29:47. 890 pm","1840"
"978","1464.04s","00:24:13","1,250","05:29:50. 892 pm","1841"
"979","1465.26s","00:24:15","1,250","05:29:51. 394 pm","1842"
"980","1466.54s","00:24:16","1,250","05:29:51. 905 pm","1844"
"981","1467.79s","00:24:17","1,250","05:29:53. 172 pm","1845"
"982","1469.04s","00:24:18","1,250","05:29:56. 071 pm","1850"
"983","1470.29s","00:24:20","1,250","05:29:56. 071 pm","1851"
"984","1471.56s","00:24:21","1,250","05:29:58. 448 pm","1853"
"985","1472.79s","00:24:22","1,250","05:29:58. 950 pm","1855"
"986","1474.03s","00:24:23","1,250","05:30:00. 461 pm","1857"
"987","1475.26s","00:24:25","1,250","05:30:00. 959 pm","1858"
"988","1476.52s","00:24:26","1,250","05:30:02. 879 pm","1860"
"989","1477.82s","00:24:27","1,250","05:30:02. 879 pm","1861"
"990","1479.02s","00:24:28","1,250","05:30:04. 650 pm","1861"
"991","1480.26s","00:24:30","1,250","05:30:06. 647 pm","1865"
"992","1481.53s","00:24:31","1,250","05:30:07. 653 pm","1868"
"993","1482.80s","00:24:32","1,250","05:30:09. 154 pm","1869"
"994","1484.55s","00:24:33","1,250","05:30:10. 162 pm","1871"
"995","1485.77s","00:24:35","1,250","05:30:12. 170 pm","1875"
"996","1487.02s","00:24:36","1,250","05:30:13. 790 pm","1877"
"997","1488.31s","00:24:38","1,250","05:30:14. 915 pm","1879"
"998","1489.55s","00:24:39","1,250","05:30:16. 038 pm","1881"
"999","1490.78s","00:24:40","1,250","05:30:17. 047 pm","1882"
"1000","1492.15s","00:24:41","1,250","05:30:18. 421 pm","1883"
"1001","1493.42s","00:24:43","1,250","05:30:19. 914 pm","1885"
"1002","1494.56s","00:24:44","1,250","05:30:20. 414 pm","1885"
"1003","1495.78s","00:24:45","1,250","05:30:22. 160 pm","1886"
"1004","1497.08s","00:24:46","1,250","05:30:23. 402 pm","1888"
"1005","1498.30s","00:24:48","1,250","05:30:24. 945 pm","1889"
"1006","1499.54s","00:24:49","1,250","05:30:26. 180 pm","1891"
"1007","1500.77s","00:24:50","1,250","05:30:26. 180 pm","1893"
"1008","1502.05s","00:24:51","1,250","05:30:28. 423 pm","1894"
"1009","1503.38s","00:24:53","1,250","05:30:29. 173 pm","1895"
"1010","1504.53s","00:24:54","1,250","05:30:31. 049 pm","1899"
"1011","1505.80s","00:24:55","1,250","05:30:31. 549 pm","1899"
"1012","1507.04s","00:24:56","1,250","05:30:31. 549 pm","1900"
"1013","1508.32s","00:24:58","1,250","05:30:33. 810 pm","1900"
"1014","1509.57s","00:24:59","1,250","05:30:35. 349 pm","1903"
"1015","1510.79s","00:25:00","1,230","05:30:36. 981 pm","1905"
"1016","1512.03s","00:25:01","1,230","05:30:38. 489 pm","1906"
"1017","1513.28s","00:25:03","1,230","05:30:39. 505 pm","1908"
"1018","1514.51s","00:25:04","1,230","05:30:39. 505 pm","1908"
"1019","1515.79s","00:25:05","1,230","05:30:41. 502 pm","1912"
"1020","1517.03s","00:25:06","1,230","05:30:43. 022 pm","1912"
"1021","1518.26s","00:25:08","1,230","05:30:45. 030 pm","1914"
"1022","1519.51s","00:25:09","1,230","05:30:46. 029 pm","1915"
"1023","1520.77s","00:25:10","1,230","05:30:46. 029 pm","1915"
"1024","1522.11s","00:25:11","1,230","05:30:48. 799 pm","1919"
"1025","1523.24s","00:25:13","1,230","05:30:49. 802 pm","1922"
"1026","1524.30s","00:25:14","1,230","05:30:51. 320 pm","1924"
"1027","1525.48s","00:25:15","1,230","05:30:51. 320 pm","1924"
"1028","1526.58s","00:25:16","1,230","05:30:52. 073 pm","1925"
"1029","1527.77s","00:25:17","1,230","05:30:54. 465 pm","1926"
"1030","1529.07s","00:25:18","1,230","05:30:55. 096 pm","1927"
"1031","1530.26s","00:25:20","1,230","05:30:55. 096 pm","1927"
"1032","1531.58s","00:25:21","1,230","05:30:55. 096 pm","1927"
"1033","1532.76s","00:25:22","1,230","05:30:55. 096 pm","1929"
"1034","1534.03s","00:25:23","1,230","05:30:59. 868 pm","1930"
"1035","1535.24s","00:25:25","1,230","05:31:01. 882 pm","1934"
"1036","1536.52s","00:25:26","1,230","05:31:02. 642 pm","1935"
"1037","1537.77s","00:25:27","1,230","05:31:02. 642 pm","1935"
"1038","1539.00s","00:25:28","1,230","05:31:05. 387 pm","1938"
"1039","1540.26s","00:25:30","1,230","05:31:06. 396 pm","1940"
"1040","1541.47s","00:25:31","1,230","05:31:07. 415 pm","1943"
"1041","1542.75s","00:25:32","1,230","05:31:08. 419 pm","1945"
"1042","1543.98s","00:25:33","1,230","05:31:10. 061 pm","1946"
"1043","1545.25s","00:25:35","1,230","05:31:12. 059 pm","1949"
"1044","1546.48s","00:25:36","1,230","05:31:12. 678 pm","1951"
"1045","1547.72s","00:25:37","1,230","05:31:13. 427 pm","1952"
"1046","1549.00s","00:25:38","1,230","05:31:15. 186 pm","1953"
"1047","1550.78s","00:25:40","1,230","05:31:17. 200 pm","1956"
"1048","1552.06s","00:25:41","1,230","05:31:18. 192 pm","1958"
"1049","1553.25s","00:25:43","1,230","05:31:18. 690 pm","1959"
"1050","1554.47s","00:25:44","1,230","05:31:20. 928 pm","1961"
"1051","1555.73s","00:25:45","1,230","05:31:20. 928 pm","1961"
"1052","1556.96s","00:25:46","1,230","05:31:23. 670 pm","1964"
"1053","1558.01s","00:25:47","1,230","05:31:24. 170 pm","1965"
"1054","1559.22s","00:25:49","1,230","05:31:25. 057 pm","1966"
"1055","1560.49s","00:25:50","1,230","05:31:25. 057 pm","1966"
"1056","1561.73s","00:25:51","1,230","05:31:25. 057 pm","1968"
"1057","1562.97s","00:25:52","1,230","05:31:29. 599 pm","1969"
"1058","1564.26s","00:25:53","1,230","05:31:30. 613 pm","1971"
"1059","1565.52s","00:25:55","1,230","05:31:31. 605 pm","1974"
"1060","1566.76s","00:25:56","1,230","05:31:32. 115 pm","1975"
"1061","1567.96s","00:25:57","1,230","05:31:33. 613 pm","1975"
"1062","1569.05s","00:25:58","1,230","05:31:33. 613 pm","1975"
"1063","1570.23s","00:26:00","1,230","05:31:33. 613 pm","1975"
"1064","1571.49s","00:26:01","1,230","05:31:33. 613 pm","1975"
"1065","1572.72s","00:26:02","1,230","05:31:38. 846 pm","1978"
"1066","1574.03s","00:26:03","1,230","05:31:40. 866 pm","1981"
"1067","1575.21s","00:26:04","1,230","05:31:41. 885 pm","1983"
"1068","1576.46s","00:26:06","1,230","05:31:41. 885 pm","1985"
"1069","1577.54s","00:26:07","1,230","05:31:42. 883 pm","1987"
"1070","1578.75s","00:26:08","1,230","05:31:44. 880 pm","1989"
"1071","1579.98s","00:26:09","1,230","05:31:44. 880 pm","1989"
"1072","1581.23s","00:26:10","1,230","05:31:44. 880 pm","1991"
"1073","1582.54s","00:26:12","1,230","05:31:47. 910 pm","1992"
"1074","1583.68s","00:26:13","1,230","05:31:49. 042 pm","1993"
"1075","1584.95s","00:26:14","1,230","05:31:51. 278 pm","1997"
"1076","1586.19s","00:26:15","1,230","05:31:52. 782 pm","1998"
"1077","1587.45s","00:26:17","1,230","05:31:54. 061 pm","1999"
"1078","1588.70s","00:26:18","1,230","05:31:55. 056 pm","2001"
"1079","1589.93s","00:26:19","1,230","05:31:56. 554 pm","2003"
"1080","1591.17s","00:26:20","1,230","05:31:57. 052 pm","2004"
"1081","1592.22s","00:26:21","1,230","05:31:57. 052 pm","2004"
"1082","1593.45s","00:26:23","1,230","05:31:57. 052 pm","2004"
"1083","1594.69s","00:26:24","1,230","05:31:59. 671 pm","2005"
"1084","1595.95s","00:26:25","1,230","05:31:59. 671 pm","2005"
"1085","1597.21s","00:26:26","1,230","05:32:01. 411 pm","2006"
"1086","1598.44s","00:26:28","1,230","05:32:01. 411 pm","2006"
"1087","1599.70s","00:26:29","1,230","05:32:02. 928 pm","2009"
"1088","1600.93s","00:26:30","1,230","05:32:03. 427 pm","2009"
"1089","1602.21s","00:26:31","1,230","05:32:03. 427 pm","2009"
"1090","1603.45s","00:26:33","1,230","05:32:08. 947 pm","2011"
"1091","1604.70s","00:26:34","1,230","05:32:09. 049 pm","2013"
"1092","1605.97s","00:26:35","1,230","05:32:11. 542 pm","2016"
"1093","1607.18s","00:26:36","1,230","05:32:13. 160 pm","2017"
"1094","1608.43s","00:26:38","1,230","05:32:14. 153 pm","2019"
"1095","1609.70s","00:26:39","1,230","05:32:15. 535 pm","2020"
"1096","1610.93s","00:26:40","1,170","05:32:16. 047 pm","2021"
"1097","1612.31s","00:26:41","1,170","05:32:18. 421 pm","2022"
"1098","1613.48s","00:26:43","1,170","05:32:18. 421 pm","2022"
"1099","1614.69s","00:26:44","1,170","05:32:18. 421 pm","2023"
"1100","1615.91s","00:26:45","1,170","05:32:21. 565 pm","2024"
"1101","1617.17s","00:26:46","1,170","05:32:23. 433 pm","2025"
"1102","1618.40s","00:26:48","1,170","05:32:24. 567 pm","2027"
"1103","1619.64s","00:26:49","1,170","05:32:25. 690 pm","2027"
"1104","1620.91s","00:26:50","1,170","05:32:27. 581 pm","2030"
"1105","1622.16s","00:26:51","1,170","05:32:28. 575 pm","2031"
"1106","1623.43s","00:26:53","1,170","05:32:29. 072 pm","2032"
"1107","1624.64s","00:26:54","1,170","05:32:29. 072 pm","2034"
"1108","1625.71s","00:26:55","1,170","05:32:30. 079 pm","2034"
"1109","1626.93s","00:26:56","1,170","05:32:31. 447 pm","2035"
"1110","1628.14s","00:26:57","1,170","05:32:32. 099 pm","2037"
"1111","1629.42s","00:26:59","1,170","05:32:34. 228 pm","2040"
"1112","1630.64s","00:27:00","1,170","05:32:34. 724 pm","2040"
"1113","1631.94s","00:27:01","1,170","05:32:38. 211 pm","2042"
"1114","1633.16s","00:27:02","1,170","05:32:39. 707 pm","2044"
"1115","1634.42s","00:27:04","1,170","05:32:41. 202 pm","2048"
"1116","1635.71s","00:27:05","1,170","05:32:41. 711 pm","2048"
"1117","1636.89s","00:27:06","1,170","05:32:42. 705 pm","2050"
"1118","1638.19s","00:27:07","1,170","05:32:44. 207 pm","2053"
"1119","1639.42s","00:27:09","1,170","05:32:44. 207 pm","2053"
"1120","1640.68s","00:27:10","1,170","05:32:47. 210 pm","2054"
"1121","1641.93s","00:27:11","1,170","05:32:47. 957 pm","2055"
"1122","1643.25s","00:27:12","1,170","05:32:49. 699 pm","2056"
"1123","1644.40s","00:27:14","1,170","05:32:49. 699 pm","2057"
"1124","1645.67s","00:27:15","1,170","05:32:51. 738 pm","2059"
"1125","1646.94s","00:27:16","1,170","05:32:53. 752 pm","2061"
"1126","1648.18s","00:27:17","1,170","05:32:54. 800 pm","2063"
"1127","1649.39s","00:27:19","1,170","05:32:56. 307 pm","2066"
"1128","1650.63s","00:27:20","1,170","05:32:56. 807 pm","2067"
"1129","1651.89s","00:27:21","1,170","05:32:57. 812 pm","2071"
"1130","1653.17s","00:27:22","1,170","05:32:58. 809 pm","2071"
"1131","1654.39s","00:27:24","1,170","05:33:00. 437 pm","2073"
"1132","1655.60s","00:27:25","1,170","05:33:01. 966 pm","2075"
"1133","1656.89s","00:27:26","1,170","05:33:01. 966 pm","2076"
"1134","1658.13s","00:27:27","1,170","05:33:04. 471 pm","2077"
"1135","1659.39s","00:27:29","1,170","05:33:04. 471 pm","2077"
"1136","1660.60s","00:27:30","1,170","05:33:06. 226 pm","2079"
"1137","1661.73s","00:27:31","1,170","05:33:06. 226 pm","2079"
"1138","1662.89s","00:27:32","1,170","05:33:09. 243 pm","2081"
"1139","1664.10s","00:27:33","1,170","05:33:10. 372 pm","2082"
"1140","1665.17s","00:27:34","1,170","05:33:10. 883 pm","2085"
"1141","1666.37s","00:27:36","1,170","05:33:12. 871 pm","2087"
"1142","1667.61s","00:27:37","1,170","05:33:14. 245 pm","2088"
"1143","1668.79s","00:27:38","1,170","05:33:15. 259 pm","2090"
"1144","1669.83s","00:27:39","1,170","05:33:15. 259 pm","2090"
"1145","1671.08s","00:27:40","1,170","05:33:15. 259 pm","2090"
"1146","1672.42s","00:27:42","1,170","05:33:18. 110 pm","2093"
"1147","1673.71s","00:27:43","1,170","05:33:20. 105 pm","2095"
"1148","1674.86s","00:27:44","1,170","05:33:21. 107 pm","2097"
"1149","1676.09s","00:27:45","1,170","05:33:21. 858 pm","2100"
"1150","1677.34s","00:27:47","1,170","05:33:23. 519 pm","2101"
"1151","1678.63s","00:27:48","1,170","05:33:25. 278 pm","2103"
"1152","1679.84s","00:27:49","1,170","05:33:26. 280 pm","2105"
"1153","1681.08s","00:27:50","1,170","05:33:27. 289 pm","2107"
"1154","1682.33s","00:27:52","1,170","05:33:27. 289 pm","2111"
"1155","1683.57s","00:27:53","1,170","05:33:30. 332 pm","2114"
"1156","1684.80s","00:27:54","1,170","05:33:31. 338 pm","2115"
"1157","1685.85s","00:27:55","1,170","05:33:31. 338 pm","2115"
"1158","1687.11s","00:27:56","1,170","05:33:33. 373 pm","2120"
"1159","1688.33s","00:27:58","1,170","05:33:33. 873 pm","2120"
"1160","1689.59s","00:27:59","1,170","05:33:36. 265 pm","2123"
"1161","1690.82s","00:28:00","1,170","05:33:37. 761 pm","2126"
"1162","1691.94s","00:28:01","1,170","05:33:38. 759 pm","2128"
"1163","1693.08s","00:28:02","1,170","05:33:39. 254 pm","2129"
"1164","1694.33s","00:28:04","1,170","05:33:40. 752 pm","2132"
"1165","1695.61s","00:28:05","1,170","05:33:42. 019 pm","2134"
"1166","1696.80s","00:28:06","1,170","05:33:42. 899 pm","2136"
"1167","1697.86s","00:28:07","1,170","05:33:43. 396 pm","2136"
"1168","1699.07s","00:28:08","1,170","05:33:45. 146 pm","2140"
"1169","1700.30s","00:28:10","1,170","05:33:46. 892 pm","2142"
"1170","1701.43s","00:28:11","1,170","05:33:46. 892 pm","2142"
"1171","1702.55s","00:28:12","1,170","05:33:49. 015 pm","2143"
"1172","1703.70s","00:28:13","1,170","05:33:49. 511 pm","2144"
"1173","1704.84s","00:28:14","1,170","05:33:51. 387 pm","2146"
"1174","1706.07s","00:28:15","1,170","05:33:51. 387 pm","2148"
"1175","1707.35s","00:28:17","1,170","05:33:53. 663 pm","2150"
"1176","1708.56s","00:28:18","1,170","05:33:54. 165 pm","2150"
"1177","1709.61s","00:28:19","1,170","05:33:54. 165 pm","2150"
"1178","1710.81s","00:28:20","1,300","05:33:54. 165 pm","2152"
"1179","1711.94s","00:28:21","1,300","05:33:57. 903 pm","2152"
"1180","1713.07s","00:28:22","1,300","05:33:59. 149 pm","2153"
"1181","1714.31s","00:28:24","1,300","05:33:59. 149 pm","2154"
"1182","1715.44s","00:28:25","1,300","05:34:00. 536 pm","2155"
"1183","1716.56s","00:28:26","1,300","05:34:02. 574 pm","2155"
"1184","1717.66s","00:28:27","1,300","05:34:03. 593 pm","2157"
"1185","1718.83s","00:28:28","1,300","05:34:04. 097 pm","2160"
"1186","1720.08s","00:28:29","1,300","05:34:06. 641 pm","2163"
"1187","1721.31s","00:28:31","1,300","05:34:07. 662 pm","2167"
"1188","1722.37s","00:28:32","1,300","05:34:08. 686 pm","2168"
"1189","1723.56s","00:28:33","1,300","05:34:10. 192 pm","2170"
"1190","1724.63s","00:28:34","1,300","05:34:11. 207 pm","2172"
"1191","1725.79s","00:28:35","1,300","05:34:11. 207 pm","2174"
"1192","1727.06s","00:28:36","1,300","05:34:12. 209 pm","2174"
"1193","1728.37s","00:28:38","1,300","05:34:14. 746 pm","2178"
"1194","1729.54s","00:28:39","1,300","05:34:15. 754 pm","2179"
"1195","1730.78s","00:28:40","1,300","05:34:17. 132 pm","2181"
"1196","1731.91s","00:28:41","1,300","05:34:18. 162 pm","2183"
"1197","1733.05s","00:28:42","1,300","05:34:18. 162 pm","2184"
"1198","1734.38s","00:28:44","1,300","05:34:20. 040 pm","2184"
"1199","1735.52s","00:28:45","1,300","05:34:21. 550 pm","2186"
"1200","1736.61s","00:28:46","1,300","05:34:21. 550 pm","2186"
"1201","1737.79s","00:28:47","1,300","05:34:21. 550 pm","2186"
"1202","1739.04s","00:28:48","1,300","05:34:25. 179 pm","2189"
"1203","1740.29s","00:28:50","1,300","05:34:25. 179 pm","2191"
"1204","1741.53s","00:28:51","1,300","05:34:27. 945 pm","2192"
"1205","1742.74s","00:28:52","1,300","05:34:28. 458 pm","2193"
"1206","1743.82s","00:28:53","1,300","05:34:30. 498 pm","2197"
"1207","1745.00s","00:28:54","1,300","05:34:31. 499 pm","2200"
"1208","1746.28s","00:28:55","1,300","05:34:32. 518 pm","2203"
"1209","1747.52s","00:28:57","1,300","05:34:34. 049 pm","2204"
"1210","1748.77s","00:28:58","1,300","05:34:35. 047 pm","2206"
"1211","1750.02s","00:28:59","1,300","05:34:36. 292 pm","2207"
"1212","1751.30s","00:29:00","1,300","05:34:37. 293 pm","2210"
"1213","1752.50s","00:29:02","1,300","05:34:37. 788 pm","2210"
"1214","1753.75s","00:29:03","1,300","05:34:39. 670 pm","2213"
"1215","1755.06s","00:29:04","1,300","05:34:40. 917 pm","2215"
"1216","1756.27s","00:29:05","1,300","05:34:42. 922 pm","2217"
"1217","1757.49s","00:29:07","1,300","05:34:42. 922 pm","2219"
"1218","1758.59s","00:29:08","1,300","05:34:45. 414 pm","2220"
"1219","1759.74s","00:29:09","1,300","05:34:46. 415 pm","2222"
"1220","1760.99s","00:29:10","1,300","05:34:47. 922 pm","2225"
"1221","1762.31s","00:29:11","1,300","05:34:47. 922 pm","2225"
"1222","1763.49s","00:29:13","1,300","05:34:47. 922 pm","2225"
"1223","1764.80s","00:29:14","1,300","05:34:47. 922 pm","2225"
"1224","1766.01s","00:29:15","1,300","05:34:52. 284 pm","2227"
"1225","1767.24s","00:29:16","1,300","05:34:52. 284 pm","2228"
"1226","1768.33s","00:29:17","1,300","05:34:54. 396 pm","2228"
"1227","1769.52s","00:29:19","1,300","05:34:55. 899 pm","2229"
"1228","1770.75s","00:29:20","1,300","05:34:57. 403 pm","2231"
"1229","1771.98s","00:29:21","1,300","05:34:57. 403 pm","2231"
"1230","1773.05s","00:29:22","1,300","05:34:59. 669 pm","2233"
"1231","1774.24s","00:29:24","1,300","05:35:01. 168 pm","2235"
"1232","1775.74s","00:29:25","1,300","05:35:01. 168 pm","2238"
"1233","1777.02s","00:29:26","1,300","05:35:03. 063 pm","2239"
"1234","1778.23s","00:29:27","1,300","05:35:04. 212 pm","2240"
"1235","1779.52s","00:29:29","1,300","05:35:05. 454 pm","2240"
"1236","1780.75s","00:29:30","1,300","05:35:05. 454 pm","2241"
"1237","1781.98s","00:29:31","1,300","05:35:08. 312 pm","2242"
"1238","1783.23s","00:29:32","1,300","05:35:09. 807 pm","2243"
"1239","1784.47s","00:29:34","1,300","05:35:11. 054 pm","2245"
"1240","1785.73s","00:29:35","1,300","05:35:11. 560 pm","2247"
"1241","1786.95s","00:29:36","1,300","05:35:13. 814 pm","2249"
"1242","1788.16s","00:29:37","1,300","05:35:14. 810 pm","2252"
"1243","1789.22s","00:29:38","1,300","05:35:16. 316 pm","2254"
"1244","1790.41s","00:29:40","1,300","05:35:16. 316 pm","2255"
"1245","1791.49s","00:29:41","1,300","05:35:18. 059 pm","2257"
"1246","1792.62s","00:29:42","1,300","05:35:19. 573 pm","2259"
"1247","1793.70s","00:29:43","1,300","05:35:19. 573 pm","2260"
"1248","1794.94s","00:29:44","1,300","05:35:20. 570 pm","2261"
"1249","1796.15s","00:29:45","1,300","05:35:21. 190 pm","2261"
"1250","1797.39s","00:29:47","1,300","05:35:21. 190 pm","2262"
"1251","1798.67s","00:29:48","1,300","05:35:23. 829 pm","2263"
"1252","1799.87s","00:29:49","1,300","05:35:26. 453 pm","2264"
"1253","1800.96s","00:29:50","1,300","05:35:27. 592 pm","2265"
"1254","1802.09s","00:29:51","1,300","05:35:27. 592 pm","2266"
"1255","1803.15s","00:29:52","1,300","05:35:28. 633 pm","2266"
"1256","1804.33s","00:29:54","1,300","05:35:30. 388 pm","2267"
"1257","1805.45s","00:29:55","1,300","05:35:31. 783 pm","2268"
"1258","1806.61s","00:29:56","1,300","05:35:33. 286 pm","2271"
"1259","1807.82s","00:29:57","1,300","05:35:34. 790 pm","2273"
"1260","1808.92s","00:29:58","1,300","05:35:35. 286 pm","2274"
"1261","1810.07s","00:29:59","1,240","05:35:35. 286 pm","22175"
"1262","1811.35s","00:30:00","1,240","05:35:38. 072 pm","22177"
"1263","1812.54s","00:30:02","1,240","05:35:39. 068 pm","2280"
"1264","1813.60s","00:30:03","1,240","05:35:40. 098 pm","2282"
"1265","1814.81s","00:30:04","1,240","05:35:41. 096 pm","2285"
"1266","1815.90s","00:30:05","1,240","05:35:42. 097 pm","2285"
"1267","1817.04s","00:30:06","1,240","05:35:43. 591 pm","2288"
"1268","1818.09s","00:30:07","1,240","05:35:43. 591 pm","2288"
"1269","1819.32s","00:30:09","1,240","05:35:45. 088 pm","2293"
"1270","1820.57s","00:30:10","1,240","05:35:46. 088 pm","2293"
"1271","1821.80s","00:30:11","1,240","05:35:47. 511 pm","2297"
"1272","1823.03s","00:30:12","1,240","05:35:49. 511 pm","2299"
"1273","1824.38s","00:30:13","1,240","05:35:50. 506 pm","2301"
"1274","1825.55s","00:30:15","1,240","05:35:51. 524 pm","2304"
"1275","1826.78s","00:30:16","1,240","05:35:53. 519 pm","2305"
"1276","1827.97s","00:30:17","1,240","05:35:53. 519 pm","2308"
"1277","1829.03s","00:30:18","1,240","05:35:55. 646 pm","2309"
"1278","1830.26s","00:30:19","1,240","05:35:56. 905 pm","2310"
"1279","1831.48s","00:30:21","1,240","05:35:57. 914 pm","2312"
"1280","1832.62s","00:30:22","1,240","05:35:59. 412 pm","2315"
"1281","1833.89s","00:30:23","1,240","05:35:59. 412 pm","2315"
"1282","1835.08s","00:30:24","1,240","05:35:59. 412 pm","2315"
"1283","1836.34s","00:30:25","1,240","05:36:02. 558 pm","2316"
"1284","1837.56s","00:30:27","1,240","05:36:04. 067 pm","2317"
"1285","1838.75s","00:30:28","1,240","05:36:05. 197 pm","2319"
"1286","1840.04s","00:30:29","1,240","05:36:05. 695 pm","2319"
"1287","1841.27s","00:30:30","1,240","05:36:05. 695 pm","2322"
"1288","1842.48s","00:30:32","1,240","05:36:09. 451 pm","2325"
"1289","1843.74s","00:30:33","1,240","05:36:09. 954 pm","2326"
"1290","1844.98s","00:30:34","1,240","05:36:09. 954 pm","2326"
"1291","1846.20s","00:30:35","1,240","05:36:12. 964 pm","2331"
"1292","1847.41s","00:30:37","1,240","05:36:13. 981 pm","2333"
"1293","1848.66s","00:30:38","1,240","05:36:14. 973 pm","2335"
"1294","1849.78s","00:30:39","1,240","05:36:16. 483 pm","2339"
"1295","1850.92s","00:30:40","1,240","05:36:16. 981 pm","2340"
"1296","1852.18s","00:30:41","1,240","05:36:18. 725 pm","2342"
"1297","1853.44s","00:30:43","1,240","05:36:19. 727 pm","2343"
"1298","1854.68s","00:30:44","1,240","05:36:20. 974 pm","2347"
"1299","1855.91s","00:30:45","1,240","05:36:22. 477 pm","2349"
"1300","1857.20s","00:30:46","1,240","05:36:22. 982 pm","2349"
"1301","1858.43s","00:30:48","1,240","05:36:25. 024 pm","2351"
"1302","1859.61s","00:30:49","1,240","05:36:25. 024 pm","2351"
"1303","1860.86s","00:30:50","1,240","05:36:26. 035 pm","2357"
"1304","1862.09s","00:30:51","1,240","05:36:28. 538 pm","2358"
"1305","1863.35s","00:30:52","1,240","05:36:29. 158 pm","2359"
"1306","1864.60s","00:30:54","1,240","05:36:31. 280 pm","2362"
"1307","1865.86s","00:30:55","1,240","05:36:32. 279 pm","2365"
"1308","1867.13s","00:30:56","1,240","05:36:33. 287 pm","2365"
"1309","1868.35s","00:30:58","1,240","05:36:34. 651 pm","2367"
"1310","1869.60s","00:30:59","1,240","05:36:35. 523 pm","2368"
"1311","1870.85s","00:31:00","1,240","05:36:35. 523 pm","2369"
"1312","1872.07s","00:31:01","1,240","05:36:37. 147 pm","2369"
"1313","1873.10s","00:31:02","1,240","05:36:40. 162 pm","2374"
"1314","1874.33s","00:31:03","1,240","05:36:40. 661 pm","2376"
"1315","1875.40s","00:31:05","1,240","05:36:41. 664 pm","2378"
"1316","1876.58s","00:31:06","1,240","05:36:42. 164 pm","2378"
"1317","1877.70s","00:31:07","1,240","05:36:44. 187 pm","2382"
"1318","1878.86s","00:31:08","1,240","05:36:45. 203 pm","2386"
"1319","1880.11s","00:31:09","1,240","05:36:46. 227 pm","2386"
"1320","1881.34s","00:31:11","1,240","05:36:47. 738 pm","2389"
"1321","1882.54s","00:31:12","1,240","05:36:49. 253 pm","2392"
"1322","1883.59s","00:31:13","1,240","05:36:50. 259 pm","2394"
"1323","1884.90s","00:31:14","1,240","05:36:50. 754 pm","2397"
"1324","1886.01s","00:31:15","1,240","05:36:51. 768 pm","2397"
"1325","1887.11s","00:31:16","1,240","05:36:51. 768 pm","2397"
"1326","1888.25s","00:31:18","1,240","05:36:51. 768 pm","2397"
"1327","1889.83s","00:31:19","1,240","05:36:55. 431 pm","2404"
"1328","1891.44s","00:31:20","1,240","05:36:57. 447 pm","2406"
"1329","1892.73s","00:31:22","1,240","05:36:59. 065 pm","2407"
"1330","1894.09s","00:31:23","1,240","05:37:00. 203 pm","2411"
"1331","1895.19s","00:31:24","1,240","05:37:01. 198 pm","2412"
"1332","1896.44s","00:31:26","1,240","05:37:02. 731 pm","2414"
"1333","1897.67s","00:31:27","1,240","05:37:03. 760 pm","2416"
"1334","1898.90s","00:31:28","1,240","05:37:03. 760 pm","2416"
"1335","1900.01s","00:31:29","1,240","05:37:03. 760 pm","2416"
"1336","1901.18s","00:31:30","1,240","05:37:03. 760 pm","2416"
"1337","1902.41s","00:31:32","1,240","05:37:03. 760 pm","2416"
"1338","1903.68s","00:31:33","1,240","05:37:08. 661 pm","2419"
"1339","1904.91s","00:31:34","1,240","05:37:09. 668 pm","2421"
"1340","1906.15s","00:31:35","1,240","05:37:11. 422 pm","2422"
"1341","1907.25s","00:31:36","1,240","05:37:12. 423 pm","2426"
"1342","1908.40s","00:31:38","1,240","05:37:13. 929 pm","2428"
"1343","1909.67s","00:31:39","1,240","05:37:15. 434 pm","2431"
"1344","1910.88s","00:31:40","1,560","05:37:15. 942 pm","2431"
"1345","1911.99s","00:31:41","1,560","05:37:15. 942 pm","2431"
"1346","1913.18s","00:31:42","1,560","05:37:15. 942 pm","2431"
"1347","1914.38s","00:31:44","1,560","05:37:15. 942 pm","2431"
"1348","1915.44s","00:31:45","1,560","05:37:15. 942 pm","2431"
"1349","1916.72s","00:31:46","1,560","05:37:15. 942 pm","2431"
"1350","1917.84s","00:31:47","1,560","05:37:15. 942 pm","2431"
"1351","1918.90s","00:31:48","1,560","05:37:15. 942 pm","2431"
"1352","1920.11s","00:31:49","1,560","05:37:25. 460 pm","2432"
"1353","1921.23s","00:31:50","1,560","05:37:25. 460 pm","2432"
"1354","1922.35s","00:31:52","1,560","05:37:25. 460 pm","2432"
"1355","1923.43s","00:31:53","1,560","05:37:28. 478 pm","2434"
"1356","1924.60s","00:31:54","1,560","05:37:29. 468 pm","2438"
"1357","1925.84s","00:31:55","1,560","05:37:30. 958 pm","2439"
"1358","1927.12s","00:31:56","1,560","05:37:30. 958 pm","2439"
"1359","1928.35s","00:31:58","1,560","05:37:30. 958 pm","2439"
"1360","1929.60s","00:31:59","1,560","05:37:30. 958 pm","2439"
"1361","1930.84s","00:32:00","1,560","05:37:36. 594 pm","2440"
"1362","1932.09s","00:32:01","1,560","05:37:37. 839 pm","2441"
"1363","1933.35s","00:32:02","1,560","05:37:38. 843 pm","2443"
"1364","1934.58s","00:32:04","1,560","05:37:40. 219 pm","2445"
"1365","1935.72s","00:32:05","1,560","05:37:40. 850 pm","2445"
"1366","1936.81s","00:32:06","1,560","05:37:41. 984 pm","2447"
"1367","1937.87s","00:32:07","1,560","05:37:42. 487 pm","2448"
"1368","1939.15s","00:32:08","1,560","05:37:45. 484 pm","2449"
"1369","1940.32s","00:32:10","1,560","05:37:46. 356 pm","2451"
"1370","1941.86s","00:32:11","1,560","05:37:48. 494 pm","2454"
"1371","1943.08s","00:32:12","1,560","05:37:48. 494 pm","2456"
"1372","1944.34s","00:32:13","1,560","05:37:50. 999 pm","2458"
"1373","1945.63s","00:32:15","1,560","05:37:52. 003 pm","2460"
"1374","1946.83s","00:32:16","1,560","05:37:53. 003 pm","2462"
"1375","1947.90s","00:32:17","1,560","05:37:54. 008 pm","2464"
"1376","1949.09s","00:32:18","1,560","05:37:55. 012 pm","2468"
"1377","1950.30s","00:32:19","1,560","05:37:57. 014 pm","2470"
"1378","1951.37s","00:32:20","1,560","05:37:58. 016 pm","2472"
"1379","1952.58s","00:32:22","1,560","05:37:59. 026 pm","2475"
"1380","1953.79s","00:32:23","1,560","05:38:00. 044 pm","2476"
"1381","1954.84s","00:32:24","1,560","05:38:01. 541 pm","2479"
"1382","1956.06s","00:32:25","1,560","05:38:03. 049 pm","2482"
"1383","1957.28s","00:32:26","1,560","05:38:03. 554 pm","2484"
"1384","1958.37s","00:32:27","1,560","05:38:05. 047 pm","2486"
"1385","1959.57s","00:32:29","1,560","05:38:06. 045 pm","2489"
"1386","1960.74s","00:32:30","1,560","05:38:07. 545 pm","2492"
"1387","1961.83s","00:32:31","1,560","05:38:08. 050 pm","2494"
"1388","1963.00s","00:32:32","1,560","05:38:09. 047 pm","2495"
"1389","1964.06s","00:32:33","1,560","05:38:09. 802 pm","2495"
"1390","1965.25s","00:32:34","1,560","05:38:09. 802 pm","2496"
"1391","1966.41s","00:32:35","1,560","05:38:12. 690 pm","2497"
"1392","1967.50s","00:32:37","1,560","05:38:12. 690 pm","2497"
"1393","1968.55s","00:32:38","1,560","05:38:15. 746 pm","2499"
"1394","1969.76s","00:32:39","1,560","05:38:16. 494 pm","2500"
"1395","1971.05s","00:32:40","1,560","05:38:16. 494 pm","2502"
"1396","1972.22s","00:32:41","1,560","05:38:18. 239 pm","2502"
"1397","1973.45s","00:32:43","1,560","05:38:18. 239 pm","2502"
"1398","1974.52s","00:32:44","1,560","05:38:21. 725 pm","2505"
"1399","1975.78s","00:32:45","1,560","05:38:22. 722 pm","2507"
"1400","1976.94s","00:32:46","1,560","05:38:22. 722 pm","2507"
"1401","1978.00s","00:32:47","1,560","05:38:22. 722 pm","2507"
"1402","1979.23s","00:32:48","1,560","05:38:25. 724 pm","2509"
"1403","1980.47s","00:32:50","1,560","05:38:26. 855 pm","2510"
"1404","1981.52s","00:32:51","1,560","05:38:26. 855 pm","2512"
"1405","1982.70s","00:32:52","1,560","05:38:28. 604 pm","2512"
"1406","1983.80s","00:32:53","1,560","05:38:28. 604 pm","2513"
"1407","1984.97s","00:32:54","1,560","05:38:30. 470 pm","2513"
"1408","1986.25s","00:32:55","1,560","05:38:32. 970 pm","2517"
"1409","1987.49s","00:32:57","1,560","05:38:33. 467 pm","2519"
"1410","1988.74s","00:32:58","1,560","05:38:34. 467 pm","2521"
"1411","1989.96s","00:32:59","1,560","05:38:35. 459 pm","2522"
"1412","1991.00s","00:33:00","1,560","05:38:37. 079 pm","2522"
"1413","1992.21s","00:33:01","1,560","05:38:38. 113 pm","2524"
"1414","1993.31s","00:33:02","1,560","05:38:39. 120 pm","2526"
"1415","1994.47s","00:33:04","1,560","05:38:41. 022 pm","2529"
"1416","1996.28s","00:33:05","1,560","05:38:42. 280 pm","2530"
"1417","1997.45s","00:33:07","1,560","05:38:43. 280 pm","2532"
"1418","1998.54s","00:33:08","1,560","05:38:43. 784 pm","2533"
"1419","1999.70s","00:33:09","1,560","05:38:43. 784 pm","2535"
"1420","2000.77s","00:33:10","1,560","05:38:47. 289 pm","2538"
"1421","2001.95s","00:33:11","1,560","05:38:48. 301 pm","2540"
"1422","2003.05s","00:33:12","1,560","05:38:49. 313 pm","2542"
"1423","2004.21s","00:33:13","1,560","05:38:49. 313 pm","2542"
"1424","2005.32s","00:33:14","1,560","05:38:51. 569 pm","2543"
"1425","2006.46s","00:33:16","1,560","05:38:51. 569 pm","2543"
"1426","2007.54s","00:33:17","1,560","05:38:51. 569 pm","2543"
"1427","2008.72s","00:33:18","1,560","05:38:55. 196 pm","2544"
"1428","2009.98s","00:33:19","1,150","05:38:56. 327 pm","2545"
"1429","2011.23s","00:33:20","1,150","05:38:56. 327 pm","2547"
"1430","2012.45s","00:33:22","1,150","05:38:57. 334 pm","2547"
"1431","2013.51s","00:33:23","1,150","05:38:57. 334 pm","2548"
"1432","2014.70s","00:33:24","1,150","05:39:01. 392 pm","2550"
"1433","2015.78s","00:33:25","1,150","05:39:02. 418 pm","2552"
"1434","2016.97s","00:33:26","1,150","05:39:03. 674 pm","2553"
"1435","2018.15s","00:33:27","1,150","05:39:04. 173 pm","2554"
"1436","2019.21s","00:33:28","1,150","05:39:04. 173 pm","2554"
"1437","2020.43s","00:33:30","1,150","05:39:04. 173 pm","2555"
"1438","2021.54s","00:33:31","1,150","05:39:08. 575 pm","2557"
"1439","2022.68s","00:33:32","1,150","05:39:09. 079 pm","2558"
"1440","2023.78s","00:33:33","1,150","05:39:09. 079 pm","2558"
"1441","2024.94s","00:33:34","1,150","05:39:10. 695 pm","2561"
"1442","2026.20s","00:33:35","1,150","05:39:12. 859 pm","2562"
"1443","2027.42s","00:33:37","1,150","05:39:14. 111 pm","2563"
"1444","2028.47s","00:33:38","1,150","05:39:14. 111 pm","2564"
"1445","2029.67s","00:33:39","1,150","05:39:15. 227 pm","2567"
"1446","2030.84s","00:33:40","1,150","05:39:16. 862 pm","2569"
"1447","2032.05s","00:33:41","1,150","05:39:18. 365 pm","2571"
"1448","2033.17s","00:33:42","1,150","05:39:18. 365 pm","2572"
"1449","2034.31s","00:33:43","1,150","05:39:20. 767 pm","2573"
"1450","2035.53s","00:33:45","1,150","05:39:20. 767 pm","2573"
"1451","2036.70s","00:33:46","1,150","05:39:20. 767 pm","2574"
"1452","2037.94s","00:33:47","1,150","05:39:23. 770 pm","2575"
"1453","2039.22s","00:33:48","1,150","05:39:24. 521 pm","2577"
"1454","2040.44s","00:33:50","1,150","05:39:26. 164 pm","2579"
"1455","2041.69s","00:33:51","1,150","05:39:27. 684 pm","2582"
"1456","2042.92s","00:33:52","1,150","05:39:29. 183 pm","2584"
"1457","2044.04s","00:33:53","1,150","05:39:30. 187 pm","2587"
"1458","2045.17s","00:33:54","1,150","05:39:31. 707 pm","2588"
"1459","2046.26s","00:33:55","1,150","05:39:32. 706 pm","2590"
"1460","2047.44s","00:33:57","1,150","05:39:33. 202 pm","2592"
"1461","2048.70s","00:33:58","1,150","05:39:35. 605 pm","2595"
"1462","2049.94s","00:33:59","1,150","05:39:36. 616 pm","2596"
"1463","2051.20s","00:34:00","1,150","05:39:38. 133 pm","2599"
"1464","2052.39s","00:34:02","1,150","05:39:39. 145 pm","2601"
"1465","2053.90s","00:34:03","1,150","05:39:40. 673 pm","2604"
"1466","2055.13s","00:34:04","1,150","05:39:41. 670 pm","2606"
"1467","2056.29s","00:34:05","1,150","05:39:41. 670 pm","2607"
"1468","2057.39s","00:34:07","1,150","05:39:43. 174 pm","2610"
"1469","2058.47s","00:34:08","1,150","05:39:45. 178 pm","2612"
"1470","2059.66s","00:34:09","1,150","05:39:46. 175 pm","2615"
"1471","2060.88s","00:34:10","1,150","05:39:46. 715 pm","2615"
"1472","2061.96s","00:34:11","1,150","05:39:48. 591 pm","2618"
"1473","2063.15s","00:34:12","1,150","05:39:48. 591 pm","2618"
"1474","2064.22s","00:34:13","1,150","05:39:48. 591 pm","2618"
"1475","2065.35s","00:34:15","1,150","05:39:51. 478 pm","2621"
"1476","2066.87s","00:34:16","1,150","05:39:51. 977 pm","2622"
"1477","2068.08s","00:34:17","1,150","05:39:54. 986 pm","2625"
"1478","2069.21s","00:34:18","1,150","05:39:55. 481 pm","2626"
"1479","2070.36s","00:34:20","1,150","05:39:56. 487 pm","2630"
"1480","2071.89s","00:34:21","1,150","05:39:58. 494 pm","2633"
"1481","2073.11s","00:34:22","1,150","05:39:59. 497 pm","2634"
"1482","2074.22s","00:34:23","1,150","05:40:00. 007 pm","2635"
"1483","2075.35s","00:34:25","1,150","05:40:00. 007 pm","2635"
"1484","2076.87s","00:34:26","1,150","05:40:00. 007 pm","2635"
"1485","2078.11s","00:34:27","1,150","05:40:04. 383 pm","2637"
"1486","2079.16s","00:34:28","1,150","05:40:04. 383 pm","2637"
"1487","2080.32s","00:34:29","1,150","05:40:04. 383 pm","2637"
"1488","2081.40s","00:34:30","1,150","05:40:04. 383 pm","2639"
"1489","2082.60s","00:34:32","1,150","05:40:08. 636 pm","2640"
"1490","2083.69s","00:34:33","1,150","05:40:09. 638 pm","2641"
"1491","2084.82s","00:34:34","1,150","05:40:10. 653 pm","2645"
"1492","2085.90s","00:34:35","1,150","05:40:12. 728 pm","2047"
"1493","2087.13s","00:34:36","1,150","05:40:13. 232 pm","2648"
"1494","2088.35s","00:34:37","1,150","05:40:14. 748 pm","2651"
"1495","2089.43s","00:34:38","1,150","05:40:15. 759 pm","2653"
"1496","2090.61s","00:34:40","1,150","05:40:16. 765 pm","2656"
"1497","2091.82s","00:34:41","1,150","05:40:17. 762 pm","2659"
"1498","2092.92s","00:34:42","1,150","05:40:19. 768 pm","2061"
"1499","2094.13s","00:34:43","1,150","05:40:20. 777 pm","2663"
"1500","2095.42s","00:34:44","1,150","05:40:20. 777 pm","2663"
"1501","2096.68s","00:34:46","1,150","05:40:22. 899 pm","2067"
"1502","2097.83s","00:34:47","1,150","05:40:24. 654 pm","2669"
"1503","2098.88s","00:34:48","1,150","05:40:25. 656 pm","2671"
"1504","2100.08s","00:34:49","1,150","05:40:26. 661 pm","2674"
"1505","2101.21s","00:34:50","1,150","05:40:27. 921 pm","2675"
"1506","2102.34s","00:34:52","1,150","05:40:28. 931 pm","20677"
"1507","2103.91s","00:34:53","1,150","05:40:30. 688 pm","2678"
"1508","2105.11s","00:34:54","1,150","05:40:30. 688 pm","2678"
"1509","2106.40s","00:34:55","1,150","05:40:30. 688 pm","2679"
"1510","2107.62s","00:34:57","1,150","05:40:33. 835 pm","2681"
"1511","2108.88s","00:34:58","1,150","05:40:35. 345 pm","2684"
"1512","2110.20s","00:34:59","1,420","05:40:36. 879 pm","2687"
"1513","2111.36s","00:35:00","1,420","05:40:37. 383 pm","2688"
"1514","2112.43s","00:35:01","1,420","05:40:39. 389 pm","2690"
"1515","2113.62s","00:35:03","1,420","05:40:39. 389 pm","2690"
"1516","2114.84s","00:35:04","1,420","05:40:41. 138 pm","2692"
"1517","2115.92s","00:35:05","1,420","05:40:41. 138 pm","2694"
"1518","2117.10s","00:35:06","1,420","05:40:44. 023 pm","2696"
"1519","2118.22s","00:35:07","1,420","05:40:44. 786 pm","20697"
"1520","2119.36s","00:35:08","1,420","05:40:44. 786 pm","2698"
"1521","2120.61s","00:35:10","1,420","05:40:45. 783 pm","2698"
"1522","2121.69s","00:35:11","1,420","05:40:47. 924 pm","2702"
"1523","2122.85s","00:35:12","1,420","05:40:49. 193 pm","2703"
"1524","2123.93s","00:35:13","1,420","05:40:49. 193 pm","2703"
"1525","2125.07s","00:35:14","1,420","05:40:51. 566 pm","2705"
"1526","2126.23s","00:35:15","1,420","05:40:53. 129 pm","2708"
"1527","2127.34s","00:35:17","1,420","05:40:54. 135 pm","2709"
"1528","2128.85s","00:35:18","1,420","05:40:54. 632 pm","2710"
"1529","2129.92s","00:35:19","1,420","05:40:57. 151 pm","2715"
"1530","2131.13s","00:35:20","1,420","05:40:57. 660 pm","2717"
"1531","2132.40s","00:35:21","1,420","05:40:59. 302 pm","2720"
"1532","2133.62s","00:35:23","1,420","05:41:00. 311 pm","2721"
"1533","2134.87s","00:35:24","1,420","05:41:01. 831 pm","2724"
"1534","2136.17s","00:35:25","1,420","05:41:01. 831 pm","2724"
"1535","2137.37s","00:35:26","1,420","05:41:04. 339 pm","2727"
"1536","2138.62s","00:35:28","1,420","05:41:05. 349 pm","2729"
"1537","2139.88s","00:35:29","1,420","05:41:05. 349 pm","2729"
"1538","2141.10s","00:35:30","1,420","05:41:06. 481 pm","2730"
"1539","2142.15s","00:35:31","1,420","05:41:08. 370 pm","2731"
"1540","2143.37s","00:35:32","1,420","05:41:09. 617 pm","2732"
"1541","2144.59s","00:35:34","1,420","05:41:09. 617 pm","2732"
"1542","2145.67s","00:35:35","1,420","05:41:09. 617 pm","2732"
"1543","2146.90s","00:35:36","1,420","05:41:09. 617 pm","2734"
"1544","2148.12s","00:35:37","1,420","05:41:13. 245 pm","2734"
"1545","2149.38s","00:35:38","1,420","05:41:16. 125 pm","2736"
"1546","2150.67s","00:35:40","1,420","05:41:17. 126 pm","2738"
"1547","2151.86s","00:35:41","1,420","05:41:18. 639 pm","2743"
"1548","2153.10s","00:35:42","1,420","05:41:19. 638 pm","2745"
"1549","2154.19s","00:35:43","1,420","05:41:21. 152 pm","2747"
"1550","2155.40s","00:35:45","1,420","05:41:21. 655 pm","2748"
"1551","2156.73s","00:35:46","1,420","05:41:21. 655 pm","2748"
"1552","2157.86s","00:35:47","1,420","05:41:24. 396 pm","2752"
"1553","2158.95s","00:35:48","1,420","05:41:25. 903 pm","2754"
"1554","2160.17s","00:35:49","1,420","05:41:26. 403 pm","2756"
"1555","2161.39s","00:35:50","1,420","05:41:27. 902 pm","2759"
"1556","2162.62s","00:35:52","1,420","05:41:28. 398 pm","2761"
"1557","2163.89s","00:35:53","1,420","05:41:29. 397 pm","2761"
"1558","2165.10s","00:35:54","1,420","05:41:31. 911 pm","2766"
"1559","2166.20s","00:35:55","1,420","05:41:32. 413 pm","2767"
"1560","2167.36s","00:35:56","1,420","05:41:34. 163 pm","2770"
"1561","2168.42s","00:35:57","1,420","05:41:35. 162 pm","2773"
"1562","2169.61s","00:35:59","1,420","05:41:35. 665 pm","2774"
"1563","2170.94s","00:36:00","1,420","05:41:37. 165 pm","2077"
"1564","2172.13s","00:36:01","1,420","05:41:38. 162 pm","2779"
"1565","2173.36s","00:36:02","1,420","05:41:39. 183 pm","2782"
"1566","2174.57s","00:36:04","1,420","05:41:40. 223 pm","2784"
"1567","2175.65s","00:36:05","1,420","05:41:41. 231 pm","2784"
"1568","2176.83s","00:36:06","1,420","05:41:43. 244 pm","2788"
"1569","2178.07s","00:36:07","1,420","05:41:44. 756 pm","2791"
"1570","2179.17s","00:36:08","1,420","05:41:44. 756 pm","2791"
"1571","2180.28s","00:36:09","1,420","05:41:46. 016 pm","2794"
"1572","2181.38s","00:36:10","1,420","05:41:46. 516 pm","2794"
"1573","2182.53s","00:36:12","1,420","05:41:49. 287 pm","2799"
"1574","2183.67s","00:36:13","1,420","05:41:49. 287 pm","2799"
"1575","2184.82s","00:36:14","1,420","05:41:51. 305 pm","2801"
"1576","2186.05s","00:36:15","1,420","05:41:51. 305 pm","2801"
"1577","2187.39s","00:36:16","1,420","05:41:54. 063 pm","2803"
"1578","2188.56s","00:36:18","1,420","05:41:54. 566 pm","2803"
"1579","2189.80s","00:36:19","1,420","05:41:56. 705 pm","2804"
"1580","2191.05s","00:36:20","1,420","05:41:57. 202 pm","2806"
"1581","2192.27s","00:36:21","1,420","05:41:58. 722 pm","2809"
"1582","2193.40s","00:36:23","1,420","05:42:00. 229 pm","2811"
"1583","2194.52s","00:36:24","1,420","05:42:01. 263 pm","2813"
"1584","2195.59s","00:36:25","1,420","05:42:02. 262 pm","2815"
"1585","2196.87s","00:36:26","1,420","05:42:02. 262 pm","2815"
"1586","2198.06s","00:36:27","1,420","05:42:04. 282 pm","2820"
"1587","2199.30s","00:36:28","1,420","05:42:05. 278 pm","2820"
"1588","2200.52s","00:36:30","1,420","05:42:07. 042 pm","2822"
"1589","2201.62s","00:36:31","1,420","05:42:08. 542 pm","2824"
"1590","2202.76s","00:36:32","1,420","05:42:08. 542 pm","2824"
"1591","2204.01s","00:36:33","1,420","05:42:08. 542 pm","2824"
"1592","2205.23s","00:36:34","1,420","05:42:11. 170 pm","2826"
"1593","2206.34s","00:36:35","1,420","05:42:12. 662 pm","2827"
"1594","2207.46s","00:36:37","1,420","05:42:12. 662 pm","2828"
"1595","2208.55s","00:36:38","1,420","05:42:14. 283 pm","2831"
"1596","2209.72s","00:36:39","1,420","05:42:16. 280 pm","2833"
"1597","2211.03s","00:36:40","1,460","05:42:17. 797 pm","2834"
"1598","2212.23s","00:36:41","1,460","05:42:17. 797 pm","2834"
"1599","2213.48s","00:36:43","1,460","05:42:19. 294 pm","2835"
"1600","2214.70s","00:36:44","1,460","05:42:21. 192 pm","2838"
"1601","2215.83s","00:36:45","1,460","05:42:21. 691 pm","2838"
"1602","2217.08s","00:36:46","1,460","05:42:23. 311 pm","2840"
"1603","2218.21s","00:36:47","1,460","05:42:24. 808 pm","2843"
"1604","2219.33s","00:36:48","1,460","05:42:24. 808 pm","2843"
"1605","2220.48s","00:36:50","1,460","05:42:26. 921 pm","2847"
"1606","2221.72s","00:36:51","1,460","05:42:28. 174 pm","2849"
"1607","2222.96s","00:36:52","1,460","05:42:29. 931 pm","2851"
"1608","2224.05s","00:36:53","1,460","05:42:29. 931 pm","2851"
"1609","2225.21s","00:36:54","1,460","05:42:29. 931 pm","2852"
"1610","2226.45s","00:36:56","1,460","05:42:32. 186 pm","2855"
"1611","2227.68s","00:36:57","1,460","05:42:34. 194 pm","2857"
"1612","2228.94s","00:36:58","1,460","05:42:34. 194 pm","2858"
"1613","2230.19s","00:36:59","1,460","05:42:35. 945 pm","2859"
"1614","2231.45s","00:37:00","1,460","05:42:38. 475 pm","2863"
"1615","2232.66s","00:37:02","1,460","05:42:38. 475 pm","2866"
"1616","2233.82s","00:37:03","1,460","05:42:40. 000 pm","2866"
"1617","2234.92s","00:37:04","1,460","05:42:41. 243 pm","2868"
"1618","2236.01s","00:37:05","1,460","05:42:42. 377 pm","2869"
"1619","2237.20s","00:37:06","1,460","05:42:43. 501 pm","2870"
"1620","2238.41s","00:37:07","1,460","05:42:44. 512 pm","2873"
"1621","2239.50s","00:37:08","1,460","05:42:45. 503 pm","2874"
"1622","2240.67s","00:37:10","1,460","05:42:46. 994 pm","2878"
"1623","2241.75s","00:37:11","1,460","05:42:47. 996 pm","2881"
"1624","2242.95s","00:37:12","1,460","05:42:49. 010 pm","2881"
"1625","2244.16s","00:37:13","1,460","05:42:50. 504 pm","2884"
"1626","2245.21s","00:37:14","1,460","05:42:51. 999 pm","2886"
"1627","2246.41s","00:37:15","1,460","05:42:53. 119 pm","2887"
"1628","2247.60s","00:37:16","1,460","05:42:53. 989 pm","2889"
"1629","2248.66s","00:37:18","1,460","05:42:55. 497 pm","2890"
"1630","2249.72s","00:37:19","1,460","05:42:55. 497 pm","2890"
"1631","2250.92s","00:37:20","1,460","05:42:57. 491 pm","2894"
"1632","2252.08s","00:37:21","1,460","05:42:58. 999 pm","2897"
"1633","2253.16s","00:37:22","1,460","05:42:59. 498 pm","2898"
"1634","2254.22s","00:37:23","1,460","05:43:00. 505 pm","2900"
"1635","2255.41s","00:37:25","1,460","05:43:01. 516 pm","2904"
"1636","2256.56s","00:37:26","1,460","05:43:02. 527 pm","2904"
"1637","2257.69s","00:37:27","1,460","05:43:03. 898 pm","2906"
"1638","2258.92s","00:37:28","1,460","05:43:04. 908 pm","2907"
"1639","2260.00s","00:37:29","1,460","05:43:06. 066 pm","2909"
"1640","2261.16s","00:37:30","1,460","05:43:07. 570 pm","2910"
"1641","2262.39s","00:37:31","1,460","05:43:08. 944 pm","2913"
"1642","2263.46s","00:37:32","1,460","05:43:09. 935 pm","2914"
"1643","2264.63s","00:37:34","1,460","05:43:09. 935 pm","2914"
"1644","2265.78s","00:37:35","1,460","05:43:12. 557 pm","2915"
"1645","2266.91s","00:37:36","1,460","05:43:12. 957 pm","2915"
"1646","2268.15s","00:37:37","1,460","05:43:14. 172 pm","2916"
"1647","2269.40s","00:37:38","1,460","05:43:14. 172 pm","2916"
"1648","2270.62s","00:37:40","1,460","05:43:16. 434 pm","2919"
"1649","2271.86s","00:37:41","1,460","05:43:18. 564 pm","2921"
"1650","2273.12s","00:37:42","1,460","05:43:19. 067 pm","2922"
"1651","2274.35s","00:37:43","1,460","05:43:20. 441 pm","2925"
"1652","2275.47s","00:37:45","1,460","05:43:21. 320 pm","2925"
"1653","2276.58s","00:37:46","1,460","05:43:22. 316 pm","2927"
"1654","2277.74s","00:37:47","1,460","05:43:24. 217 pm","2928"
"1655","2278.85s","00:37:48","1,460","05:43:24. 217 pm","2928"
"1656","2279.95s","00:37:49","1,460","05:43:24. 217 pm","2928"
"1657","2281.07s","00:37:50","1,460","05:43:27. 705 pm","2929"
"1658","2282.27s","00:37:51","1,460","05:43:27. 705 pm","2932"
"1659","2283.35s","00:37:52","1,460","05:43:30. 260 pm","2934"
"1660","2284.53s","00:37:54","1,460","05:43:30. 260 pm","2936"
"1661","2285.80s","00:37:55","1,460","05:43:32. 285 pm","2939"
"1662","2287.05s","00:37:56","1,460","05:43:32. 789 pm","2941"
"1663","2288.29s","00:37:57","1,460","05:43:34. 792 pm","2943"
"1664","2289.51s","00:37:59","1,460","05:43:35. 793 pm","2947"
"1665","2290.72s","00:38:00","1,460","05:43:36. 927 pm","2947"
"1666","2291.80s","00:38:01","1,460","05:43:36. 927 pm","2947"
"1667","2292.99s","00:38:02","1,460","05:43:38. 954 pm","2949"
"1668","2294.08s","00:38:03","1,460","05:43:40. 338 pm","2950"
"1669","2295.21s","00:38:04","1,460","05:43:40. 845 pm","2953"
"1670","2296.46s","00:38:05","1,460","05:43:42. 894 pm","2957"
"1671","2297.68s","00:38:07","1,460","05:43:43. 904 pm","2959"
"1672","2298.89s","00:38:08","1,460","05:43:45. 781 pm","2960"
"1673","2299.95s","00:38:09","1,460","05:43:45. 781 pm","2960"
"1674","2301.19s","00:38:10","1,460","05:43:47. 310 pm","2961"
"1675","2302.44s","00:38:11","1,460","05:43:48. 182 pm","2962"
"1676","2303.67s","00:38:13","1,460","05:43:48. 182 pm","2962"
"1677","2304.73s","00:38:14","1,460","05:43:48. 182 pm","2962"
"1678","2305.93s","00:38:15","1,460","05:43:52. 183 pm","2964"
"1679","2307.21s","00:38:16","1,460","05:43:52. 691 pm","2966"
"1680","2308.45s","00:38:17","1,460","05:43:53. 946 pm","2966"
"1681","2309.70s","00:38:19","1,460","05:43:53. 946 pm","2967"
"1682","2310.91s","00:38:20","1,340","05:43:56. 070 pm","2967"
"1683","2312.19s","00:38:21","1,340","05:43:56. 070 pm","2968"
"1684","2313.50s","00:38:22","1,340","05:43:59. 313 pm","2971"
"1685","2314.61s","00:38:24","1,340","05:44:00. 825 pm","2972"
"1686","2315.74s","00:38:25","1,340","05:44:02. 244 pm","2974"
"1687","2316.88s","00:38:26","1,340","05:44:03. 375 pm","2976"
"1688","2318.09s","00:38:27","1,340","05:44:03. 375 pm","2976"
"1689","2319.37s","00:38:28","1,340","05:44:04. 908 pm","2979"
"1690","2320.58s","00:38:30","1,340","05:44:05. 922 pm","2980"
"1691","2321.54s","00:38:31","1,340","05:44:05. 922 pm","2980"
"1692","2322.50s","00:38:32","1,340","05:44:06. 431 pm","2984"
"1693","2323.54s","00:38:33","1,340","05:44:09. 936 pm","2986"
"1694","2324.56s","00:38:34","1,340","05:44:11. 430 pm","2987"
"1695","2325.59s","00:38:35","1,340","05:44:11. 430 pm","2987"
"1696","2326.53s","00:38:36","1,340","05:44:11. 430 pm","2990"
"1697","2327.55s","00:38:37","1,340","05:44:14. 557 pm","2991"
"1698","2328.52s","00:38:38","1,340","05:44:15. 303 pm","2992"
"1699","2329.51s","00:38:39","1,340","05:44:15. 303 pm","2992"
"1700","2330.57s","00:38:40","1,340","05:44:16. 799 pm","2995"
"1701","2331.59s","00:38:41","1,340","05:44:18. 295 pm","2997"
"1702","2332.57s","00:38:42","1,340","05:44:19. 321 pm","2998"
"1703","2333.56s","00:38:43","1,340","05:44:19. 321 pm","2998"
"1704","2334.54s","00:38:44","1,340","05:44:19. 321 pm","2998"
"1705","2335.57s","00:38:45","1,340","05:44:19. 321 pm","2998"
"1706","2336.55s","00:38:46","1,340","05:44:19. 321 pm","2998"
"1707","2337.53s","00:38:47","1,340","05:44:19. 321 pm","3000"
"1708","2338.53s","00:38:48","1,340","05:44:23. 947 pm","3000"
"1709","2339.56s","00:38:49","1,340","05:44:23. 947 pm","3000"
"1710","2340.55s","00:38:50","1,340","05:44:26. 211 pm","3002"
"1711","2341.53s","00:38:51","1,340","05:44:27. 964 pm","3002"
"1712","2342.54s","00:38:52","1,340","05:44:28. 831 pm","3003"
"1713","2343.58s","00:38:53","1,340","05:44:29. 847 pm","3005"
"1714","2344.55s","00:38:54","1,340","05:44:31. 095 pm","3007"
"1715","2345.53s","00:38:55","1,340","05:44:31. 095 pm","3007"
"1716","2346.52s","00:38:56","1,340","05:44:32. 965 pm","3008"
"1717","2347.52s","00:38:57","1,340","05:44:32. 965 pm","3009"
"1718","2348.54s","00:38:58","1,340","05:44:35. 522 pm","3011"
"1719","2349.53s","00:38:59","1,340","05:44:36. 028 pm","3012"
"1720","2350.57s","00:39:00","1,340","05:44:37. 175 pm","3014"
"1721","2351.53s","00:39:01","1,340","05:44:38. 181 pm","3015"
"1722","2352.51s","00:39:02","1,340","05:44:39. 183 pm","3017"
"1723","2353.54s","00:39:03","1,340","05:44:40. 184 pm","3019"
"1724","2354.55s","00:39:04","1,340","05:44:40. 690 pm","3020"
"1725","2355.54s","00:39:05","1,340","05:44:42. 195 pm","3023"
"1726","2356.52s","00:39:06","1,340","05:44:43. 190 pm","3025"
"1727","2357.54s","00:39:07","1,340","05:44:44. 709 pm","3028"
"1728","2358.56s","00:39:08","1,340","05:44:44. 709 pm","3030"
"1729","2359.53s","00:39:09","1,340","05:44:46. 283 pm","3032"
"1730","2360.54s","00:39:10","1,340","05:44:47. 787 pm","3034"
"1731","2361.63s","00:39:11","1,340","05:44:48. 283 pm","3036"
"1732","2362.88s","00:39:12","1,340","05:44:49. 278 pm","3037"
"1733","2364.13s","00:39:13","1,340","05:44:50. 274 pm","3039"
"1734","2365.27s","00:39:14","1,340","05:44:51. 652 pm","3042"
"1735","2366.82s","00:39:15","1,340","05:44:52. 646 pm","3042"
"1736","2367.82s","00:39:17","1,340","05:44:54. 397 pm","3043"
"1737","2368.81s","00:39:18","1,340","05:44:54. 397 pm","3045"
"1738","2369.73s","00:39:19","1,340","05:44:55. 895 pm","3045"
"1739","2371.86s","00:39:20","1,340","05:44:57. 911 pm","3048"
"1740","2372.99s","00:39:22","1,340","05:44:59. 046 pm","3050"
"1741","2373.98s","00:39:23","1,340","05:45:00. 306 pm","3053"
"1742","2374.96s","00:39:24","1,340","05:45:01. 063 pm","3053"
"1743","2375.97s","00:39:25","1,340","05:45:01. 063 pm","3053"
"1744","2376.99s","00:39:26","1,340","05:45:03. 579 pm","3054"
"1745","2377.99s","00:39:27","1,340","05:45:03. 579 pm","3054"
"1746","2379.02s","00:39:28","1,340","05:45:05. 479 pm","3055"
"1747","2380.06s","00:39:29","1,340","05:45:05. 479 pm","3055"
"1748","2381.03s","00:39:30","1,340","05:45:05. 479 pm","3055"
"1749","2382.04s","00:39:31","1,340","05:45:08. 857 pm","3056"
"1750","2383.03s","00:39:32","1,340","05:45:08. 857 pm","3056"
"1751","2384.02s","00:39:33","1,340","05:45:10. 605 pm","3058"
"1752","2385.02s","00:39:34","1,340","05:45:12. 103 pm","3060"
"1753","2386.11s","00:39:35","1,340","05:45:12. 855 pm","3061"
"1754","2387.29s","00:39:36","1,340","05:45:12. 855 pm","3061"
"1755","2388.59s","00:39:37","1,340","05:45:14. 867 pm","3063"
"1756","2389.85s","00:39:39","1,340","05:45:16. 363 pm","3066"
"1757","2390.99s","00:39:40","1,340","05:45:17. 373 pm","3069"
"1758","2392.81s","00:39:42","1,340","05:45:18. 895 pm","3072"
"1759","2393.88s","00:39:43","1,340","05:45:21. 012 pm","3073"
"1760","2395.92s","00:39:45","1,340","05:45:21. 012 pm","3073"
"1761","2398.94s","00:39:47","1,340","05:45:24. 507 pm","3075"
"1762","2405.05s","00:39:50","1,340","05:45:29. 321 pm","3082"
"1763","2410.98s","00:39:56","1,340","05:45:34. 343 pm","3090"
"1764","2416.96s","00:40:02","1,230","05:45:40. 965 pm","3095"
"1765","2422.91s","00:40:08","1,230","05:45:46. 975 pm","3106"
"1766","2429.17s","00:40:14","1,230","05:45:53. 241 pm","3113"
"1767","2434.68s","00:40:20","1,230","05:45:58. 989 pm","3120"
"1768","2439.72s","00:40:25","1,230","05:46:02. 494 pm","3126"
"1769","2445.82s","00:40:31","1,230","05:46:08. 773 pm","3132"
"1770","2451.81s","00:40:37","1,230","05:46:15. 544 pm","3143"
"1771","2456.07s","00:40:46","1,230","05:46:22. 366 pm","3150"
"1772","2458.09s","00:40:47","1,230","05:46:23. 393 pm","3152"
"1773","2459.34s","00:40:48","1,230","05:46:25. 300 pm","3153"
"1774","2460.61s","00:40:50","1,230","05:46:27. 080 pm","3155"
"1775","2461.79s","00:40:51","1,230","05:46:28. 828 pm","3158"
"1776","2463.74s","00:40:52","1,230","05:46:30. 081 pm","3160"
"1777","2464.76s","00:40:54","1,230","05:46:31. 582 pm","3163"
"1778","2466.08s","00:40:55","1,230","05:46:32. 950 pm","3165"
"1779","2467.27s","00:40:56","1,230","05:46:32. 950 pm","3165"
"1780","2468.27s","00:40:57","1,230","05:46:34. 828 pm","3166"
"1781","2469.26s","00:40:58","1,230","05:46:34. 828 pm","3166"
"1782","2470.27s","00:40:59","1,230","05:46:34. 828 pm","3166"
"1783","2471.29s","00:41:00","1,230","05:46:34. 828 pm","3166"
"1784","2472.25s","00:41:01","1,230","05:46:37. 842 pm","3168"
"1785","2473.28s","00:41:02","1,230","05:46:39. 093 pm","3169"
"1786","2474.29s","00:41:03","1,230","05:46:39. 093 pm","3169"
"1787","2475.27s","00:41:04","1,230","05:46:40. 462 pm","3170"
"1788","2476.37s","00:41:05","1,230","05:46:41. 336 pm","3171"
"1789","2477.59s","00:41:07","1,230","05:46:41. 336 pm","3172"
"1790","2478.79s","00:41:08","1,230","05:46:43. 340 pm","3173"
"1791","2479.92s","00:41:09","1,230","05:46:44. 588 pm","3176"
"1792","2481.13s","00:41:10","1,230","05:46:47. 606 pm","3178"
"1793","2482.31s","00:41:11","1,230","05:46:49. 107 pm","3180"
"1794","2483.38s","00:41:12","1,230","05:46:49. 630 pm","3181"
"1795","2484.53s","00:41:14","1,230","05:46:51. 044 pm","3183"
"1796","2485.52s","00:41:15","1,230","05:46:51. 044 pm","3183"
"1797","2487.55s","00:41:16","1,230","05:46:54. 192 pm","3185"
"1798","2489.48s","00:41:18","1,230","05:46:55. 569 pm","3189"
"1799","2490.50s","00:41:20","1,230","05:46:57. 063 pm","3190"
"1800","2492.01s","00:41:21","1,230","05:46:57. 941 pm","3191"
"1801","2493.48s","00:41:22","1,230","05:47:00. 183 pm","3192"
"1802","2494.76s","00:41:24","1,230","05:47:01. 450 pm","3193"
"1803","2495.84s","00:41:25","1,230","05:47:02. 572 pm","3194"
"1804","2497.55s","00:41:26","1,230","05:47:02. 572 pm","3195"
"1805","2498.53s","00:41:28","1,230","05:47:04. 936 pm","3198"
"1806","2500.08s","00:41:29","1,230","05:47:05. 963 pm","3198"
"1807","2501.25s","00:41:30","1,230","05:47:07. 955 pm","3202"
"1808","2502.26s","00:41:31","1,230","05:47:08. 454 pm","3204"
"1809","2503.26s","00:41:32","1,230","05:47:08. 953 pm","32006"
"1810","2504.28s","00:41:33","1,230","05:47:10. 444 pm","32006"
"1811","2505.83s","00:41:34","1,230","05:47:11. 439 pm","3209"
"1812","2507.29s","00:41:36","1,230","05:47:12. 565 pm","3210"
"1813","2508.29s","00:41:37","1,230","05:47:14. 553 pm","3210"
"1814","2509.30s","00:41:38","1,230","05:47:16. 556 pm","3212"
"1815","2510.47s","00:41:39","1,220","05:47:16. 556 pm","3212"
"1816","2511.51s","00:41:41","1,220","05:47:16. 556 pm","3215"
"1817","2512.69s","00:41:42","1,220","05:47:19. 054 pm","3215"
"1818","2514.53s","00:41:43","1,220","05:47:21. 041 pm","3218"
"1819","2515.62s","00:41:45","1,220","05:47:22. 415 pm","3220"
"1820","2516.90s","00:41:46","1,220","05:47:22. 917 pm","3221"
"1821","2518.07s","00:41:47","1,220","05:47:22. 917 pm","3221"
"1822","2519.09s","00:41:48","1,220","05:47:25. 300 pm","3222"
"1823","2520.32s","00:41:49","1,220","05:47:25. 300 pm","3222"
"1824","2521.40s","00:41:50","1,220","05:47:27. 574 pm","3225"
"1825","2522.93s","00:41:52","1,220","05:47:28. 691 pm","3226"
"1826","2524.06s","00:41:53","1,220","05:47:31. 198 pm","3228"
"1827","2525.03s","00:41:54","1,220","05:47:31. 198 pm","3228"
"1828","2526.00s","00:41:55","1,220","05:47:31. 198 pm","3228"
"1829","2527.08s","00:41:56","1,220","05:47:34. 073 pm","3231"
"1830","2528.71s","00:41:57","1,220","05:47:34. 595 pm","3234"
"1831","2530.70s","00:41:59","1,220","05:47:36. 603 pm","3235"
"1832","2531.78s","00:42:01","1,220","05:47:37. 979 pm","3236"
"1833","2532.83s","00:42:02","1,220","05:47:37. 979 pm","3236"
"1834","2534.04s","00:42:03","1,220","05:47:40. 877 pm","3237"
"1835","2535.12s","00:42:04","1,220","05:47:40. 877 pm","3238"
"1836","2536.33s","00:42:05","1,220","05:47:41. 754 pm","3239"
"1837","2537.59s","00:42:07","1,220","05:47:43. 248 pm","3239"
"1838","2538.80s","00:42:08","1,220","05:47:44. 244 pm","3240"
"1839","2540.05s","00:42:09","1,220","05:47:45. 750 pm","3242"
"1840","2541.06s","00:42:10","1,220","05:47:45. 750 pm","3242"
"1841","2542.15s","00:42:11","1,220","05:47:48. 625 pm","3243"
"1842","2543.38s","00:42:12","1,220","05:47:48. 625 pm","3244"
"1843","2545.54s","00:42:14","1,220","05:47:51. 541 pm","3249"
"1844","2546.65s","00:42:16","1,220","05:47:52. 551 pm","3249"
"1845","2547.80s","00:42:17","1,220","05:47:53. 559 pm","3253"
"1846","2548.82s","00:42:18","1,220","05:47:55. 595 pm","3255"
"1847","2549.89s","00:42:19","1,220","05:47:56. 597 pm","3256"
"1848","2551.05s","00:42:20","1,220","05:47:57. 605 pm","3258"
"1849","2553.29s","00:42:21","1,220","05:47:59. 728 pm","3262"
"1850","2554.53s","00:42:23","1,220","05:48:00. 726 pm","3265"
"1851","2556.47s","00:42:25","1,220","05:48:02. 230 pm","3266"
"1852","2558.50s","00:42:26","1,220","05:48:04. 218 pm","3270"
"1853","2561.88s","00:42:29","1,220","05:48:06. 222 pm","3275"
"1854","2561.88s","00:42:32","1,220","05:48:09. 243 pm","3275"
"1855","2564.57s","00:42:33","1,220","05:48:09. 738 pm","3276"
"1856","2566.40s","00:42:35","1,220","05:48:13. 224 pm","3277"
"1857","2568.61s","00:42:37","1,220","05:48:14. 351 pm","3279"
"1858","2570.47s","00:42:39","1,220","05:48:16. 106 pm","3282"
"1859","2573.60s","00:42:41","1,220","05:48:18. 350 pm","3283"
"1860","2579.42s","00:42:44","1,220","05:48:21. 123 pm","3288"
"1861","2585.33s","00:42:50","1,220","05:48:30. 265 pm","3296"
"1862","2591.40s","00:42:56","1,220","05:48:33. 626 pm","3304"
"1863","2596.96s","00:43:02","1,220","05:48:39. 747 pm","3309"
"1864","2603.94s","00:43:08","1,220","05:48:43. 508 pm","3313"
"1865","2610.02s","00:43:14","1,220","05:48:53. 731 pm","3317"
"1866","2615.17s","00:43:20","1,060","05:48:59. 870 pm","3325"
"1867","2621.06s","00:43:26","1,060","05:49:05. 513 pm","3335"
"1868","2626.62s","00:43:35","1,060","05:49:12. 251 pm","3337"
"1869","2628.27s","00:43:37","1,060","05:49:14. 372 pm","3338"
"1870","2630.31s","00:43:39","1,060","05:49:16. 129 pm","3339"
"1871","2632.19s","00:43:41","1,060","05:49:16. 129 pm","3339"
"1872","2634.09s","00:43:43","1,060","05:49:19. 750 pm","3342"
"1873","2639.45s","00:43:45","1,060","05:49:23. 760 pm","3349"
"1874","2645.53s","00:43:50","1,060","05:49:30. 197 pm","3359"
"1875","2650.64s","00:43:56","1,060","05:49:33. 834 pm","3363"
"1876","2656.29s","00:44:01","1,060","05:49:38. 325 pm","3368"
"1877","2662.49s","00:44:07","1,060","05:49:46. 163 pm","3378"
"1878","2667.93s","00:44:13","1,060","05:49:52. 194 pm","3386"
"1879","2673.71s","00:44:18","1,060","05:49:57. 157 pm","3394"
"1880","2679.78s","00:44:25","1,060","05:50:03. 930 pm","3405"
"1881","2685.79s","00:44:31","1,060","05:50:10. 180 pm","3416"
"1882","2689.61s","00:44:40","1,060","05:50:16. 706 pm","3426"
"1883","2692.20s","00:44:41","1,060","05:50:18. 235 pm","3429"
"1884","2693.63s","00:44:42","1,060","05:50:20. 271 pm","3433"
"1885","2695.75s","00:44:44","1,060","05:50:22. 291 pm","3438"
"1886","2697.58s","00:44:46","1,060","05:50:23. 802 pm","3440"
"1887","2699.30s","00:44:48","1,060","05:50:24. 806 pm","3445"
"1888","2702.81s","00:44:50","1,060","05:50:27. 800 pm","3451"
"1889","2708.52s","00:44:53","1,060","05:50:32. 793 pm","3461"
"1890","2714.16s","00:44:59","1,460","05:50:36. 096 pm","3466"
"1891","2719.67s","00:45:05","1,460","05:50:43. 995 pm","3475"
"1892","2725.80s","00:45:10","1,460","05:50:49. 079 pm","3482"
"1893","2731.61s","00:45:17","1,460","05:50:56. 201 pm","3486"
"1894","2737.57s","00:45:22","1,460","05:51:00. 717 pm","3493"
"1895","2743.45s","00:45:28","1,460","05:51:06. 873 pm","3496"
"1896","2749.49s","00:45:34","1,460","05:51:14. 028 pm","3502"
"1897","2753.83s","00:45:44","1,460","05:51:21. 070 pm","3510"
"1898","2756.29s","00:45:45","1,460","05:51:22. 074 pm","3513"
"1899","2757.61s","00:45:46","1,460","05:51:24. 205 pm","3514"
"1900","2758.93s","00:45:48","1,460","05:51:25. 209 pm","3516"
"1901","2760.37s","00:45:49","1,460","05:51:26. 712 pm","3519"
"1902","2761.74s","00:45:50","1,460","05:51:27. 211 pm","3520"
"1903","2763.34s","00:45:52","1,460","05:51:28. 212 pm","3521"
"1904","2765.38s","00:45:54","1,460","05:51:31. 997 pm","3524"
"1905","2767.47s","00:45:56","1,460","05:51:33. 498 pm","3528"
"1906","2769.45s","00:45:58","1,460","05:51:36. 007 pm","3533"
"1907","2771.41s","00:46:00","1,460","05:51:38. 010 pm","3537"
"1908","2777.40s","00:46:02","1,460","05:51:41. 539 pm","3546"
"1909","2783.40s","00:46:08","1,460","05:51:47. 075 pm","3556"
"1910","2789.03s","00:46:14","1,460","05:51:51. 511 pm","3562"
"1911","2795.02s","00:46:20","1,460","05:51:58. 242 pm","3572"
"1912","2800.76s","00:46:26","1,460","05:52:04. 540 pm","3579"
"1913","2806.84s","00:46:32","1,460","05:52:10. 325 pm","3585"
"1914","2812.48s","00:46:37","1,460","05:52:15. 978 pm","3589"
"1915","2817.76s","00:46:42","1,250","05:52:21. 631 pm","3596"
"1916","2823.73s","00:46:49","1,250","05:52:28. 155 pm","3605"
"1917","2827.57s","00:46:58","1,250","05:52:35. 081 pm","3613"
"1918","2829.79s","00:46:59","1,250","05:52:36. 594 pm","3616"
"1919","2831.64s","00:47:00","1,250","05:52:37. 852 pm","3618"
"1920","2833.53s","00:47:02","1,250","05:52:40. 100 pm","3621"
"1921","2834.56s","00:47:03","1,250","05:52:40. 596 pm","3621"
"1922","2836.61s","00:47:05","1,250","05:52:42. 488 pm","3622"
"1923","2842.58s","00:47:07","1,250","05:52:46. 530 pm","3632"
"1924","2848.58s","00:47:13","1,250","05:52:52. 161 pm","3634"
"1925","2854.65s","00:47:19","1,250","05:52:58. 185 pm","3643"
"1926","2860.53s","00:47:25","1,250","05:53:04. 743 pm","3656"
"1927","2866.55s","00:47:31","1,250","05:53:09. 762 pm","3664"
"1928","2872.48s","00:47:37","1,250","05:53:15. 323 pm","3667"
"1929","2877.54s","00:47:42","1,250","05:53:21. 586 pm","3673"
"1930","2883.76s","00:47:48","1,250","05:53:28. 203 pm","3684"
"1931","2889.43s","00:47:54","1,250","05:53:33. 945 pm","3692"
"1932","2894.79s","00:48:04","1,250","05:53:41. 205 pm","3698"
"1933","2895.94s","00:48:05","1,250","05:53:41. 205 pm","3698"
"1934","2897.06s","00:48:06","1,250","05:53:43. 706 pm","3700"
"1935","2898.10s","00:48:07","1,250","05:53:44. 959 pm","3701"
"1936","2899.10s","00:48:08","1,250","05:53:44. 959 pm","3702"
"1937","2900.09s","00:48:09","1,250","05:53:46. 468 pm","3702"
"1938","2901.07s","00:48:10","1,250","05:53:47. 719 pm","3703"
"1939","2902.00s","00:48:11","1,250","05:53:47. 719 pm","3703"
"1940","2903.05s","00:48:12","1,250","05:53:47. 719 pm","3705"
"1941","2904.08s","00:48:13","1,250","05:53:49. 586 pm","3706"
"1942","2905.12s","00:48:14","1,250","05:53:51. 451 pm","3707"
"1943","2906.30s","00:48:15","1,250","05:53:52. 210 pm","3708"
"1944","2907.32s","00:48:16","1,250","05:53:53. 830 pm","3709"
"1945","2908.29s","00:48:17","1,250","05:53:54. 955 pm","3710"
"1946","2909.31s","00:48:18","1,250","05:53:56. 077 pm","3711"
"1947","2910.32s","00:48:19","1,230","05:53:56. 578 pm","3712"
"1948","2911.31s","00:48:20","1,230","05:53:56. 578 pm","3712"
"1949","2912.38s","00:48:21","1,230","05:53:58. 448 pm","3713"
"1950","2913.65s","00:48:22","1,230","05:54:00. 086 pm","3715"
"1951","2914.83s","00:48:24","1,230","05:54:01. 648 pm","3718"
"1952","2915.91s","00:48:25","1,230","05:54:02. 174 pm","3719"
"1953","2917.06s","00:48:26","1,230","05:54:03. 187 pm","3722"
"1954","2918.17s","00:48:27","1,230","05:54:05. 208 pm","3725"
"1955","2919.35s","00:48:28","1,230","05:54:05. 208 pm","3725"
"1956","2920.44s","00:48:29","1,230","05:54:05. 208 pm","3725"
"1957","2921.56s","00:48:30","1,230","05:54:07. 960 pm","3726"
"1958","2922.64s","00:48:31","1,230","05:54:08. 974 pm","3728"
"1959","2923.88s","00:48:33","1,230","05:54:09. 978 pm","3730"
"1960","2925.14s","00:48:34","1,230","05:54:11. 966 pm","3732"
"1961","2926.23s","00:48:35","1,230","05:54:12. 463 pm","3733"
"1962","2927.36s","00:48:36","1,230","05:54:12. 463 pm","3735"
"1963","2928.51s","00:48:37","1,230","05:54:14. 492 pm","3737"
"1964","2929.52s","00:48:39","1,230","05:54:16. 017 pm","3740"
"1965","2931.00s","00:48:40","1,230","05:54:17. 512 pm","3742"
"1966","2932.00s","00:48:41","1,230","05:54:18. 018 pm","3743"
"1967","2933.02s","00:48:42","1,230","05:54:19. 533 pm","3747"
"1968","2934.02s","00:48:43","1,230","05:54:20. 533 pm","3748"
"1969","2934.99s","00:48:44","1,230","05:54:21. 160 pm","3749"
"1970","2936.01s","00:48:45","1,230","05:54:22. 299 pm","3751"
"1971","2937.02s","00:48:46","1,230","05:54:23. 056 pm","3752"
"1972","2938.02s","00:48:47","1,230","05:54:25. 061 pm","3753"
"1973","2939.02s","00:48:48","1,230","05:54:25. 061 pm","3753"
"1974","2940.05s","00:48:49","1,230","05:54:25. 810 pm","3754"
"1975","2941.03s","00:48:50","1,230","05:54:27. 442 pm","3755"
"1976","2942.05s","00:48:51","1,230","05:54:27. 442 pm","3755"
"1977","2943.07s","00:48:52","1,230","05:54:29. 181 pm","3756"
"1978","2944.15s","00:48:53","1,230","05:54:30. 678 pm","3757"
"1979","2945.27s","00:48:54","1,230","05:54:32. 175 pm","3759"
"1980","2946.31s","00:48:55","1,230","05:54:32. 687 pm","3760"
"1981","2947.31s","00:48:56","1,230","05:54:34. 462 pm","3763"
"1982","2948.30s","00:48:57","1,230","05:54:34. 973 pm","3765"
"1983","2949.34s","00:48:58","1,230","05:54:35. 972 pm","3766"
"1984","2950.34s","00:48:59","1,230","05:54:36. 474 pm","3767"
"1985","2951.34s","00:49:00","1,230","05:54:38. 107 pm","3770"
"1986","2952.40s","00:49:01","1,230","05:54:38. 605 pm","3771"
"1987","2953.55s","00:49:02","1,230","05:54:38. 605 pm","3771"
"1988","2954.59s","00:49:03","1,230","05:54:40. 364 pm","3774"
"1989","2955.67s","00:49:05","1,230","05:54:42. 741 pm","3775"
"1990","2956.82s","00:49:06","1,230","05:54:42. 741 pm","3775"
"1991","2957.85s","00:49:07","1,230","05:54:44. 862 pm","3777"
"1992","2958.97s","00:49:08","1,230","05:54:44. 862 pm","3778"
"1993","2960.07s","00:49:09","1,230","05:54:46. 739 pm","3779"
"1994","2961.12s","00:49:10","1,230","05:54:46. 739 pm","3779"
"1995","2962.31s","00:49:11","1,230","05:54:48. 491 pm","3781"
"1996","2963.40s","00:49:12","1,230","05:54:48. 491 pm","3781"
"1997","2964.62s","00:49:13","1,230","05:54:50. 363 pm","3783"
"1998","2965.86s","00:49:15","1,230","05:54:51. 633 pm","3786"
"1999","2966.87s","00:49:16","1,230","05:54:52. 877 pm","3786"
"2000","2968.03s","00:49:17","1,230","05:54:52. 877 pm","3787"
"2001","2969.10s","00:49:18","1,230","05:54:55. 507 pm","3789"
"2002","2970.12s","00:49:19","1,230","05:54:55. 507 pm","3789"
"2003","2971.29s","00:49:20","1,230","05:54:57. 164 pm","3790"
"2004","2972.38s","00:49:21","1,230","05:54:59. 194 pm","3794"
"2005","2973.55s","00:49:22","1,230","05:54:59. 690 pm","3796"
"2006","2974.60s","00:49:23","1,230","05:55:00. 186 pm","3796"
"2007","2975.66s","00:49:25","1,230","05:55:01. 678 pm","3797"
"2008","2976.80s","00:49:26","1,230","05:55:02. 939 pm","3798"
"2009","2977.86s","00:49:27","1,230","05:55:03. 933 pm","3800"
"2010","2978.92s","00:49:28","1,230","05:55:05. 814 pm","3802"
"2011","2980.06s","00:49:29","1,230","05:55:06. 333 pm","3802"
"2012","2981.11s","00:49:30","1,230","05:55:06. 333 pm","3803"
"2013","2982.16s","00:49:31","1,230","05:55:07. 710 pm","3803"
"2014","2983.30s","00:49:32","1,230","05:55:10. 221 pm","38006"
"2015","2984.34s","00:49:33","1,230","05:55:11. 229 pm","3808"
"2016","2985.39s","00:49:34","1,230","05:55:11. 986 pm","3810"
"2017","2986.57s","00:49:35","1,230","05:55:13. 352 pm","3812"
"2018","2987.60s","00:49:36","1,230","05:55:14. 357 pm","3814"
"2019","2988.67s","00:49:38","1,230","05:55:14. 863 pm","3814"
"2020","2989.80s","00:49:39","1,230","05:55:15. 858 pm","3817"
"2021","2990.83s","00:49:40","1,230","05:55:16. 358 pm","3820"
"2022","2991.94s","00:49:41","1,230","05:55:18. 361 pm","3822"
"2023","2993.08s","00:49:42","1,230","05:55:19. 874 pm","3824"
"2024","2994.13s","00:49:43","1,230","05:55:20. 870 pm","3826"
"2025","2995.39s","00:49:44","1,230","05:55:22. 384 pm","3829"
"2026","2996.58s","00:49:45","1,230","05:55:23. 392 pm","3831"
"2027","2997.59s","00:49:46","1,230","05:55:24. 395 pm","3833"
"2028","2998.63s","00:49:47","1,230","05:55:25. 389 pm","3836"
"2029","2999.77s","00:49:49","1,230","05:55:26. 384 pm","3837"
"2030","3000.80s","00:49:50","1,230","05:55:26. 894 pm","3838"
"2031","3001.85s","00:49:51","1,230","05:55:26. 894 pm","3840"
"2032","3002.84s","00:49:52","1,230","05:55:29. 281 pm","3840"
"2033","3003.87s","00:49:53","1,230","05:55:30. 279 pm","3842"
"2034","3005.05s","00:49:54","1,230","05:55:31. 406 pm","3844"
"2035","3006.07s","00:49:55","1,230","05:55:32. 794 pm","3845"
"2036","3007.08s","00:49:56","1,230","05:55:32. 794 pm","3845"
"2037","3008.10s","00:49:57","1,230","05:55:34. 287 pm","3847"
"2038","3009.12s","00:49:58","1,230","05:55:35. 925 pm","3848"
"2039","3010.30s","00:49:59","1,370","05:55:36. 940 pm","3849"
"2040","3011.34s","00:50:00","1,370","05:55:37. 937 pm","3851"
"2041","3012.35s","00:50:01","1,370","05:55:37. 937 pm","3851"
"2042","3013.34s","00:50:02","1,370","05:55:37. 937 pm","3851"
"2043","3014.38s","00:50:03","1,370","05:55:41. 178 pm","3853"
"2044","3015.51s","00:50:04","1,370","05:55:41. 685 pm","3853"
"2045","3016.54s","00:50:05","1,370","05:55:41. 685 pm","3853"
"2046","3017.58s","00:50:06","1,370","05:55:43. 720 pm","3855"
"2047","3018.58s","00:50:07","1,370","05:55:44. 223 pm","3855"
"2048","3019.60s","00:50:08","1,370","05:55:46. 231 pm","3857"
"2049","3020.64s","00:50:09","1,370","05:55:47. 740 pm","3860"
"2050","3021.91s","00:50:11","1,370","05:55:48. 741 pm","3862"
"2051","3023.15s","00:50:12","1,370","05:55:49. 738 pm","3864"
"2052","3024.27s","00:50:13","1,370","05:55:50. 256 pm","3865"
"2053","3025.24s","00:50:14","1,370","05:55:51. 901 pm","3867"
"2054","3026.34s","00:50:15","1,370","05:55:51. 901 pm","3867"
"2055","3027.37s","00:50:16","1,370","05:55:54. 038 pm","3870"
"2056","3028.52s","00:50:17","1,370","05:55:55. 553 pm","3871"
"2057","3029.53s","00:50:18","1,370","05:55:55. 553 pm","3871"
"2058","3030.59s","00:50:20","1,370","05:55:55. 553 pm","3871"
"2059","3032.02s","00:50:21","1,370","05:55:55. 553 pm","3871"
"2060","3033.01s","00:50:22","1,370","05:55:55. 553 pm","3871"
"2061","3034.04s","00:50:23","1,370","05:56:01. 245 pm","3873"
"2062","3035.03s","00:50:24","1,370","05:56:01. 245 pm","3873"
"2063","3036.03s","00:50:25","1,370","05:56:02. 254 pm","3875"
"2064","3037.07s","00:50:26","1,370","05:56:03. 255 pm","3876"
"2065","3038.04s","00:50:27","1,370","05:56:03. 255 pm","3876"
"2066","3039.05s","00:50:28","1,370","05:56:06. 019 pm","3877"
"2067","3040.07s","00:50:29","1,370","05:56:06. 019 pm","3877"
"2068","3041.06s","00:50:30","1,370","05:56:06. 019 pm","3878"
"2069","3042.04s","00:50:31","1,370","05:56:08. 506 pm","3879"
"2070","3043.06s","00:50:32","1,370","05:56:09. 627 pm","3881"
"2071","3044.06s","00:50:33","1,370","05:56:09. 627 pm","3881"
"2072","3045.03s","00:50:34","1,370","05:56:10. 887 pm","3884"
"2073","3046.07s","00:50:35","1,370","05:56:12. 401 pm","3884"
"2074","3047.09s","00:50:36","1,370","05:56:13. 771 pm","3885"
"2075","3048.13s","00:50:37","1,370","05:56:13. 771 pm","3886"
"2076","3049.31s","00:50:38","1,370","05:56:15. 269 pm","3887"
"2077","3050.34s","00:50:39","1,370","05:56:16. 412 pm","3887"
"2078","3051.35s","00:50:40","1,370","05:56:16. 412 pm","3887"
"2079","3052.44s","00:50:41","1,370","05:56:18. 434 pm","3890"
"2080","3053.51s","00:50:42","1,370","05:56:20. 202 pm","3892"
"2081","3054.52s","00:50:43","1,370","05:56:21. 194 pm","3893"
"2082","3055.54s","00:50:44","1,370","05:56:21. 194 pm","3895"
"2083","3056.63s","00:50:45","1,370","05:56:22. 201 pm","3895"
"2084","3057.82s","00:50:47","1,370","05:56:24. 071 pm","3897"
"2085","3058.90s","00:50:48","1,370","05:56:25. 340 pm","3898"
"2086","3060.08s","00:50:49","1,370","05:56:25. 340 pm","3899"
"2087","3061.16s","00:50:50","1,370","05:56:27. 591 pm","3900"
"2088","3062.29s","00:50:51","1,370","05:56:28. 348 pm","3901"
"2089","3063.34s","00:50:52","1,370","05:56:30. 092 pm","3903"
"2090","3064.41s","00:50:53","1,370","05:56:31. 098 pm","3905"
"2091","3065.58s","00:50:54","1,370","05:56:31. 098 pm","3905"
"2092","3066.69s","00:50:55","1,370","05:56:33. 474 pm","3907"
"2093","3067.85s","00:50:57","1,370","05:56:33. 474 pm","3907"
"2094","3068.97s","00:50:58","1,370","05:56:33. 474 pm","3907"
"2095","3070.07s","00:50:59","1,370","05:56:36. 855 pm","3909"
"2096","3071.12s","00:51:00","1,370","05:56:36. 855 pm","3910"
"2097","3072.32s","00:51:01","1,370","05:56:38. 231 pm","3911"
"2098","3073.38s","00:51:02","1,370","05:56:39. 870 pm","3914"
"2099","3074.59s","00:51:03","1,370","05:56:41. 774 pm","3916"
"2100","3075.69s","00:51:05","1,370","05:56:41. 774 pm","3916"
"2101","3076.82s","00:51:06","1,370","05:56:43. 279 pm","3919"
"2102","3077.89s","00:51:07","1,370","05:56:44. 414 pm","3921"
"2103","3079.07s","00:51:08","1,370","05:56:44. 923 pm","3922"
"2104","3080.12s","00:51:09","1,370","05:56:46. 921 pm","3924"
"2105","3081.35s","00:51:10","1,370","05:56:47. 419 pm","3927"
"2106","3082.42s","00:51:11","1,370","05:56:49. 429 pm","3929"
"2107","3083.55s","00:51:12","1,370","05:56:49. 429 pm","3931"
"2108","3084.61s","00:51:13","1,370","05:56:50. 932 pm","3932"
"2109","3085.82s","00:51:15","1,370","05:56:51. 930 pm","3934"
"2110","3087.01s","00:51:16","1,370","05:56:53. 431 pm","3937"
"2111","3088.23s","00:51:17","1,370","05:56:54. 426 pm","3939"
"2112","3089.25s","00:51:18","1,370","05:56:55. 675 pm","3940"
"2113","3090.34s","00:51:19","1,370","05:56:56. 193 pm","3942"
"2114","3091.26s","00:51:20","1,370","05:56:57. 312 pm","3943"
"2115","3092.36s","00:51:21","1,370","05:56:58. 312 pm","3945"
"2116","3093.54s","00:51:22","1,370","05:56:59. 318 pm","3948"
"2117","3094.50s","00:51:23","1,370","05:57:01. 072 pm","3950"
"2118","3095.56s","00:51:24","1,370","05:57:01. 568 pm","3950"
"2119","3096.56s","00:51:25","1,370","05:57:03. 217 pm","3953"
"2120","3097.54s","00:51:26","1,370","05:57:03. 721 pm","3954"
"2121","3098.54s","00:51:27","1,370","05:57:04. 721 pm","3956"
"2122","3099.51s","00:51:28","1,370","05:57:06. 266 pm","3960"
"2123","3100.50s","00:51:29","1,370","05:57:07. 269 pm","3962"
"2124","3101.56s","00:51:30","1,370","05:57:07. 774 pm","3964"
"2125","3102.59s","00:51:31","1,370","05:57:09. 768 pm","3965"
"2126","3103.59s","00:51:32","1,370","05:57:10. 271 pm","3966"
"2127","3104.65s","00:51:34","1,370","05:57:11. 526 pm","3967"
"2128","3105.78s","00:51:35","1,370","05:57:12. 281 pm","3969"
"2129","3106.83s","00:51:36","1,370","05:57:13. 791 pm","3971"
"2130","3107.95s","00:51:37","1,370","05:57:13. 791 pm","3972"
"2131","3109.13s","00:51:38","1,370","05:57:15. 306 pm","3972"
"2132","3110.31s","00:51:39","1,370","05:57:15. 306 pm","3972"
"2133","3111.42s","00:51:40","1,230","05:57:17. 571 pm","3974"
"2134","3112.53s","00:51:41","1,230","05:57:17. 571 pm","3974"
"2135","3113.61s","00:51:42","1,230","05:57:19. 451 pm","3975"
"2136","3114.76s","00:51:44","1,230","05:57:19. 451 pm","3975"
"2137","3115.82s","00:51:45","1,230","05:57:19. 451 pm","3975"
"2138","3117.01s","00:51:46","1,230","05:57:19. 451 pm","3975"
"2139","3118.02s","00:51:47","1,230","05:57:23. 947 pm","3978"
"2140","3119.03s","00:51:48","1,230","05:57:23. 947 pm","3978"
"2141","3120.03s","00:51:49","1,230","05:57:25. 083 pm","3980"
"2142","3121.09s","00:51:50","1,230","05:57:26. 578 pm","3981"
"2143","3122.24s","00:51:51","1,230","05:57:27. 719 pm","3983"
"2144","3123.29s","00:51:52","1,230","05:57:28. 724 pm","3984"
"2145","3124.31s","00:51:53","1,230","05:57:29. 976 pm","3985"
"2146","3125.31s","00:51:54","1,230","05:57:29. 976 pm","3987"
"2147","3126.35s","00:51:55","1,230","05:57:33. 230 pm","3989"
"2148","3127.66s","00:51:56","1,230","05:57:33. 728 pm","3990"
"2149","3128.87s","00:51:58","1,230","05:57:33. 728 pm","3992"
"2150","3130.05s","00:51:59","1,230","05:57:35. 222 pm","3992"
"2151","3132.33s","00:52:00","1,230","05:57:35. 222 pm","3994"
"2152","3134.90s","00:52:02","1,230","05:57:39. 979 pm","3997"
"2153","3137.52s","00:52:05","1,230","05:57:42. 125 pm","4000"
"2154","3139.63s","00:52:08","1,230","05:57:46. 129 pm","4001"
"2155","3145.96s","00:52:10","1,230","05:57:49. 520 pm","4007"
"2156","3151.75s","00:52:17","1,230","05:57:56. 097 pm","4014"
"2157","3157.16s","00:52:22","1,230","05:57:58. 972 pm","4021"
"2158","3164.12s","00:52:28","1,230","05:58:07. 619 pm","4032"
"2159","3169.80s","00:52:35","1,230","05:58:12. 365 pm","4035"
"2160","3174.64s","00:52:40","1,230","05:58:18. 635 pm","4040"
"2161","3180.49s","00:52:45","1,230","05:58:24. 298 pm","4050"
"2162","3186.51s","00:52:51","1,230","05:58:29. 555 pm","4056"
"2163","3190.30s","00:53:00","1,230","05:58:36. 539 pm","4063"
"2164","3191.97s","00:53:01","1,230","05:58:37. 912 pm","40064"
"2165","3193.09s","00:53:02","1,230","05:58:39. 667 pm","4067"
"2166","3194.26s","00:53:03","1,230","05:58:41. 209 pm","4069"
"2167","3195.32s","00:53:04","1,230","05:58:41. 712 pm","4071"
"2168","3196.32s","00:53:05","1,230","05:58:42. 212 pm","4073"
"2169","3197.29s","00:53:06","1,230","05:58:43. 214 pm","4074"
"2170","3198.30s","00:53:07","1,230","05:58:44. 218 pm","4074"
"2171","3199.32s","00:53:08","1,230","05:58:44. 218 pm","4076"
"2172","3200.32s","00:53:09","1,230","05:58:45. 967 pm","4077"
"2173","3201.35s","00:53:10","1,230","05:58:48. 463 pm","4079"
"2174","3202.38s","00:53:11","1,230","05:58:49. 204 pm","4080"
"2175","3203.36s","00:53:12","1,230","05:58:49. 204 pm","4080"
"2176","3204.35s","00:53:13","1,230","05:58:50. 956 pm","4081"
"2177","3205.41s","00:53:14","1,230","05:58:50. 956 pm","4082"
"2178","3206.40s","00:53:15","1,230","05:58:51. 828 pm","4082"
"2179","3207.39s","00:53:16","1,230","05:58:51. 828 pm","4082"
"2180","3208.42s","00:53:17","1,230","05:58:51. 828 pm","4082"
"2181","3209.58s","00:53:18","1,230","05:58:51. 828 pm","4082"
"2182","3210.60s","00:53:19","1,100","05:58:51. 828 pm","4082"
"2183","3211.68s","00:53:20","1,100","05:58:51. 828 pm","4082"
"2184","3212.83s","00:53:22","1,100","05:58:58. 554 pm","4084"
"2185","3213.86s","00:53:23","1,100","05:58:59. 071 pm","4085"
"2186","3214.88s","00:53:24","1,100","05:59:00. 465 pm","4086"
"2187","3215.95s","00:53:25","1,100","05:59:01. 858 pm","4087"
"2188","3217.63s","00:53:26","1,100","05:59:01. 858 pm","4089"
"2189","3219.50s","00:53:28","1,100","05:59:05. 493 pm","4091"
"2190","3221.65s","00:53:30","1,100","05:59:08. 065 pm","4094"
"2191","3222.75s","00:53:32","1,100","05:59:09. 316 pm","4095"
"2192","3224.46s","00:53:33","1,100","05:59:09. 821 pm","4096"
"2193","3225.44s","00:53:34","1,100","05:59:09. 821 pm","4097"
"2194","3226.45s","00:53:35","1,100","05:59:11. 830 pm","4099"
"2195","3227.44s","00:53:36","1,100","05:59:14. 594 pm","4104"
"2196","3228.48s","00:53:37","1,100","05:59:15. 099 pm","4105"
"2197","3229.61s","00:53:38","1,100","05:59:16. 348 pm","4107"
"2198","3230.68s","00:53:40","1,100","05:59:16. 856 pm","4107"
"2199","3232.19s","00:53:41","1,100","05:59:18. 981 pm","4110"
"2200","3233.19s","00:53:42","1,100","05:59:18. 981 pm","4110"
"2201","3234.18s","00:53:43","1,100","05:59:20. 995 pm","4112"
"2202","3235.24s","00:53:44","1,100","05:59:21. 503 pm","4113"
"2203","3236.44s","00:53:45","1,100","05:59:21. 503 pm","4113"
"2204","3237.70s","00:53:46","1,100","05:59:24. 261 pm","4114"
"2205","3238.79s","00:53:47","1,100","05:59:25. 137 pm","4115"
"2206","3239.95s","00:53:49","1,100","05:59:26. 132 pm","4116"
"2207","3241.30s","00:53:50","1,100","05:59:26. 132 pm","4118"
"2208","3242.55s","00:53:51","1,100","05:59:28. 125 pm","4121"
"2209","3244.28s","00:53:53","1,100","05:59:30. 627 pm","4124"
"2210","3246.18s","00:53:55","1,100","05:59:32. 139 pm","4126"
"2211","3248.28s","00:53:57","1,100","05:59:34. 015 pm","4130"
"2212","3251.49s","00:53:59","1,100","05:59:35. 533 pm","4131"
"2213","3257.60s","00:54:02","1,100","05:59:40. 945 pm","4138"
"2214","3263.52s","00:54:08","1,100","05:59:47. 195 pm","4145"
"2215","3268.83s","00:54:13","1,100","05:59:52. 119 pm","4150"
"2216","3273.86s","00:54:18","1,100","05:59:58. 004 pm","4157"
"2217","3279.92s","00:54:25","1,100","06:00:03. 435 pm","4164"
"2218","3285.82s","00:54:30","1,100","06:00:10. 070 pm","4177"
"2219","3291.70s","00:54:36","1,100","06:00:16. 248 pm","4186"
"2220","3297.75s","00:54:42","1,100","06:00:22. 276 pm","4198"
"2221","3301.85s","00:54:52","1,100","06:00:28. 231 pm","4204"
"2222","3304.43s","00:54:53","1,100","06:00:28. 725 pm","4206"
"2223","3305.54s","00:54:54","1,100","06:00:31. 224 pm","4208"
"2224","3306.57s","00:54:55","1,100","06:00:32. 724 pm","4209"
"2225","3307.65s","00:54:56","1,100","06:00:33. 975 pm","4211"
"2226","3308.87s","00:54:58","1,100","06:00:33. 975 pm","4211"
"2227","3309.93s","00:54:59","1,100","06:00:33. 975 pm","4212"
"2228","3311.05s","00:55:00","1,300","06:00:37. 616 pm","4213"
"2229","3312.05s","00:55:01","1,300","06:00:38. 607 pm","4214"
"2230","3313.06s","00:55:02","1,300","06:00:38. 607 pm","4215"
"2231","3314.07s","00:55:03","1,300","06:00:40. 227 pm","4215"
"2232","3315.69s","00:55:04","1,300","06:00:42. 364 pm","4218"
"2233","3316.90s","00:55:06","1,300","06:00:42. 364 pm","4218"
"2234","3318.55s","00:55:07","1,300","06:00:44. 850 pm","4219"
"2235","3320.05s","00:55:08","1,300","06:00:44. 850 pm","4221"
"2236","3321.92s","00:55:10","1,300","06:00:48. 091 pm","4223"
"2237","3324.07s","00:55:12","1,300","06:00:50. 469 pm","4225"
"2238","3327.46s","00:55:15","1,300","06:00:52. 480 pm","4226"
"2239","3332.35s","00:55:17","1,300","06:00:56. 019 pm","4232"
"2240","3337.27s","00:55:22","1,300","06:01:02. 160 pm","4241"
"2241","3342.32s","00:55:27","1,300","06:01:06. 543 pm","4246"
"2242","3347.84s","00:55:33","1,300","06:01:11. 706 pm","4251"
"2243","3354.27s","00:55:38","1,300","06:01:18. 208 pm","4255"
"2244","3359.44s","00:55:44","1,300","06:01:23. 927 pm","4265"
"2245","3365.55s","00:55:50","1,300","06:01:29. 552 pm","4275"
"2246","3369.91s","00:56:00","1,300","06:01:36. 568 pm","4283"
"2247","3372.08s","00:56:01","1,300","06:01:37. 571 pm","4285"
"2248","3373.11s","00:56:02","1,300","06:01:37. 571 pm","4285"
"2249","3374.12s","00:56:03","1,300","06:01:40. 234 pm","4286"
"2250","3375.11s","00:56:04","1,300","06:01:40. 234 pm","4287"
"2251","3376.16s","00:56:05","1,300","06:01:43. 247 pm","4290"
"2252","3377.37s","00:56:06","1,300","06:01:43. 759 pm","4291"
"2253","3378.38s","00:56:07","1,300","06:01:43. 759 pm","4291"
"2254","3379.43s","00:56:08","1,300","06:01:46. 375 pm","4294"
"2255","3380.55s","00:56:09","1,300","06:01:46. 872 pm","4296"
"2256","3382.03s","00:56:10","1,300","06:01:48. 395 pm","4299"
"2257","3383.07s","00:56:12","1,300","06:01:48. 893 pm","4299"
"2258","3384.80s","00:56:13","1,300","06:01:48. 893 pm","4299"
"2259","3385.99s","00:56:14","1,300","06:01:53. 154 pm","4301"
"2260","3388.04s","00:56:16","1,300","06:01:53. 154 pm","4302"
"2261","3389.28s","00:56:18","1,300","06:01:54. 665 pm","4303"
"2262","3390.28s","00:56:19","1,300","06:01:54. 665 pm","4303"
"2263","3391.39s","00:56:20","1,300","06:01:57. 907 pm","4305"
"2264","3393.24s","00:56:22","1,300","06:01:59. 039 pm","4306"
"2265","3394.23s","00:56:23","1,300","06:01:59. 039 pm","4306"
"2266","3395.18s","00:56:24","1,300","06:01:59. 039 pm","4306"
"2267","3396.25s","00:56:25","1,300","06:02:02. 775 pm","4308"
"2268","3400.29s","00:56:26","1,300","06:02:04. 901 pm","4312"
"2269","3406.26s","00:56:31","1,300","06:02:09. 272 pm","4318"
"2270","3411.24s","00:56:36","1,300","06:02:14. 243 pm","4322"
"2271","3416.68s","00:56:42","1,100","06:02:19. 391 pm","4327"
"2272","3422.39s","00:56:47","1,100","06:02:23. 812 pm","4330"
"2273","3428.76s","00:56:53","1,100","06:02:32. 990 pm","4341"
"2274","3434.75s","00:56:59","1,100","06:02:39. 014 pm","4352"
"2275","3440.70s","00:57:05","1,100","06:02:43. 301 pm","4359"
"2276","3446.55s","00:57:11","1,100","06:02:49. 798 pm","4364"
"2277","3450.89s","00:57:21","1,100","06:02:56. 330 pm","4368"
"2278","3453.46s","00:57:22","1,100","06:03:00. 186 pm","4369"
"2279","3454.63s","00:57:23","1,100","06:03:00. 186 pm","4369"
"2280","3455.72s","00:57:24","1,100","06:03:00. 186 pm","4369"
"2281","3456.90s","00:57:25","1,100","06:03:02. 705 pm","4371"
"2282","3458.16s","00:57:27","1,100","06:03:04. 709 pm","4372"
"2283","3459.25s","00:57:28","1,100","06:03:04. 709 pm","4372"
"2284","3461.28s","00:57:29","1,100","06:03:07. 863 pm","4378"
"2285","3462.69s","00:57:31","1,100","06:03:09. 123 pm","4380"
"2286","3464.76s","00:57:33","1,100","06:03:10. 246 pm","4382"
"2287","3466.77s","00:57:35","1,100","06:03:13. 132 pm","4384"
"2288","3471.65s","00:57:37","1,100","06:03:15. 017 pm","4386"
"2289","3477.70s","00:57:42","1,100","06:03:21. 978 pm","4397"
"2290","3483.61s","00:57:48","1,100","06:03:25. 502 pm","4401"
"2291","3489.40s","00:57:54","1,100","06:03:31. 9547 pm","4405"
"2292","3495.51s","00:58:00","1,100","06:03:35. 599 pm","4407"
"2293","3501.42s","00:58:06","1,100","06:03:44. 822 pm","4412"
"2294","3507.48s","00:58:12","1,100","06:03:51. 718 pm","4420"
"2295","3513.65s","00:58:18","1,100","06:03:56. 871 pm","4429"
"2296","3518.85s","00:58:23","1,030","06:04:01. 888 pm","4436"
"2297","3522.69s","00:58:32","1,030","06:04:09. 638 pm","44472"
"2298","3524.66s","00:58:33","1,030","06:04:10. 648 pm","4446"
"2299","3525.78s","00:58:34","1,030","06:04:12. 154 pm","4449"
"2300","3526.95s","00:58:35","1,030","06:04:13. 174 pm","4449"
"2301","3527.99s","00:58:37","1,030","06:04:13. 174 pm","4449"
"2302","3529.01s","00:58:38","1,030","06:04:15. 172 pm","4450"
"2303","3530.90s","00:58:39","1,030","06:04:15. 684 pm","4451"
"2304","3532.84s","00:58:41","1,030","06:04:17. 058 pm","4453"
"2305","3533.87s","00:58:42","1,030","06:04:19. 059 pm","4455"
"2306","3535.87s","00:58:44","1,030","06:04:22. 561 pm","4461"
"2307","3537.81s","00:58:46","1,030","06:04:24. 056 pm","4462"
"2308","3538.87s","00:58:47","1,030","06:04:24. 056 pm","4462"
"2309","3544.93s","00:58:49","1,030","06:04:27. 446 pm","4470"
"2310","3550.35s","00:58:55","1,030","06:04:34. 343 pm","4477"
"2311","3557.02s","00:59:00","1,030","06:04:40. 438 pm","4492"
"2312","3563.06s","00:59:08","1,030","06:04:47. 413 pm","4499"
"2313","3569.02s","00:59:14","1,030","06:04:52. 674 pm","4506"
"2314","3574.56s","00:59:19","1,030","06:04:56. 898 pm","4514"
"2315","3579.81s","00:59:24","1,030","06:05:03. 539 pm","45272"
"2316","3585.09s","00:59:30","1,030","06:05:08. 669 pm","4529"
"2317","3591.05s","00:59:36","1,030","06:05:15. 814 pm","4539"
"2318","3595.67s","00:59:45","1,030","06:05:21. 941 pm","4545"
"2319","3597.34s","00:59:46","1,030","06:05:23. 684 pm","4550"
"2320","3598.44s","00:59:47","1,030","06:05:25. 204 pm","4552"
"2321","3599.68s","00:59:48","1,030","06:05:26. 200 pm","4554"
"2322","3600.68s","00:59:49","1,030","06:05:26. 711 pm","4555"
"2323","3601.79s","00:59:50","1,030","06:05:28. 108 pm","4556"
"2324","3602.77s","00:59:51","1,030","06:05:28. 854 pm","4556"
"2325","3603.75s","00:59:52","1,030","06:05:30. 110 pm","4558"
"2326","3604.76s","00:59:53","1,030","06:05:30. 110 pm","4558"
"2327","3605.76s","00:59:54","1,030","06:05:32. 357 pm","4559"
"2328","3606.85s","00:59:55","1,030","06:05:33. 481 pm","4561"
"2329","3608.05s","00:59:57","1,030","06:05:35. 009 pm","4564"
"2330","3609.08s","00:59:58","1,030","06:05:35. 009 pm","4565"
"2331","3611.01s","01:00:00","1,030","06:05:37. 861 pm","4568"
"2332","3613.08s","01:00:02","1,030","06:05:37. 861 pm","4568"
"2333","3615.03s","01:00:03","1,030","06:05:40. 114 pm","4569"
"2334","3617.03s","01:00:06","1,030","06:05:40. 114 pm","4569"
"2335","3618.97s","01:00:08","1,030","06:05:40. 114 pm","4570"
"2336","3625.01s","01:00:09","1,030","06:05:47. 359 pm","4572"
"2337","3630.94s","01:00:15","1,030","06:05:54. 338 pm","4576"
"2338","3636.91s","01:00:21","1,030","06:06:00. 206 pm","4583"
"2339","3642.92s","01:00:27","1,030","06:06:07. 791 pm","4595"
"2340","3648.93s","01:00:33","1,030","06:06:12. 817 pm","4604"
"2341","3654.95s","01:00:39","1,030","06:06:18. 333 pm","4612"
"2342","3660.95s","01:00:45","1,030","06:06:24. 735 pm","4615"
"2343","3666.96s","01:00:51","1,030","06:06:31. 364 pm","4623"
"2344","3672.85s","01:00:57","1,030","06:06:37. 112 pm","4632"
"2345","3678.95s","01:01:07","1,030","06:06:45. 007 pm","4644"
"2346","3680.78s","01:01:09","1,030","06:06:47. 020 pm","4646"
"2347","3683.20s","01:01:10","1,030","06:06:48. 030 pm","4649"
"2348","3685.41s","01:01:13","1,030","06:06:50. 281 pm","4650"
"2349","3686.98s","01:01:15","1,030","06:06:54. 042 pm","4654"
"2350","3689.28s","01:01:17","1,030","06:06:55. 040 pm","4657"
"2351","3690.98s","01:01:19","1,030","06:06:57. 539 pm","4662"
"2352","3693.00s","01:01:21","1,030","06:06:59. 544 pm","4664"
"2353","3697.86s","01:01:24","1,030","06:07:01. 940 pm","4671"
"2354","3703.85s","01:01:28","1,030","06:07:07. 954 pm","4680"
"2355","3708.86s","01:01:33","1,030","06:07:12. 671 pm","4686"
"2356","3713.85s","01:01:38","1,030","06:07:16. 537 pm","4689"
"2357","3718.85s","01:01:43","1,030","06:07:23. 430 pm","4693"
"2358","3723.96s","01:01:48","1,030","06:07:27. 941 pm","4701"
"2359","3729.94s","01:01:54","1,030","06:07:34. 331 pm","4709"
"2360","3735.86s","01:02:00","1,030","06:07:40. 863 pm","4719"
"2361","3740.92s","01:02:05","1,030","06:07:44. 354 pm","4729"
"2362","3746.93s","01:02:11","1,030","06:07:51. 392 pm","4739"
"2363","3754.02s","01:02:18","1,030","06:07:58. 311 pm","4750"
"2364","3758.37s","01:02:28","1,030","06:08:05. 449 pm","4757"
"2365","3762.12s","01:02:29","1,030","06:08:07. 758 pm","4761"
"2366","3765.28s","01:02:32","1,030","06:08:08. 507 pm","4764"
"2367","3767.43s","01:02:35","1,030","06:08:13. 006 pm","4771"
"2368","3768.74s","01:02:37","1,030","06:08:15. 506 pm","4774"
"2369","3769.76s","01:02:38","1,030","06:08:15. 506 pm","4774"
"2370","3770.80s","01:02:39","1,030","06:08:17. 368 pm","4776"
"2371","3773.17s","01:02:41","1,030","06:08:19. 393 pm","4780"
"2372","3775.03s","01:02:43","1,030","06:08:21. 153 pm","4784"
"2373","3779.80s","01:02:45","1,030","06:08:22. 398 pm","4789"
"2374","3781.90s","01:02:50","1,030","06:08:28. 002 pm","4794"
"2375","3783.63s","01:02:52","1,030","06:08:29. 377 pm","4796"
"2376","3786.82s","01:02:53","1,030","06:08:30. 006 pm","4797"
"2377","3787.94s","01:02:57","1,030","06:08:34. 381 pm","4800"
"2378","3789.43s","01:02:58","1,030","06:08:34. 876 pm","4800"
"2379","3791.27s","01:03:00","1,030","06:08:36. 742 pm","4802"
"2380","3792.48s","01:03:01","1,030","06:08:38. 115 pm","4803"
"2381","3794.32s","01:03:03","1,030","06:08:38. 115 pm","4803"
"2382","3797.42s","01:03:05","1,030","06:08:42. 830 pm","4809"
"2383","3798.93s","01:03:07","1,030","06:08:45. 346 pm","4811"
"2384","3800.81s","01:03:09","1,030","06:08:46. 834 pm","4813"
"2385","3804.26s","01:03:11","1,030","06:08:46. 834 pm","4818"
"2386","3809.40s","01:03:14","1,030","06:08:53. 236 pm","4826"
"2387","3814.51s","01:03:19","1,030","06:08:58. 803 pm","4838"
"2388","3819.53s","01:03:24","1,030","06:09:03. 807 pm","4848"
"2389","3824.68s","01:03:29","1,030","06:09:09. 364 pm","4858"
"2390","3829.80s","01:03:34","1,030","06:09:13. 877 pm","4864"
"2391","3835.01s","01:03:39","1,030","06:09:19. 132 pm","4873"
"2392","3838.08s","01:03:45","1,030","06:09:24. 634 pm","4881"
"2393","3839.63s","01:03:48","1,030","06:09:26. 169 pm","4885"
"2394","3840.85s","01:03:49","1,030","06:09:26. 676 pm","4887"
"2395","3842.27s","01:03:51","1,030","06:09:27. 671 pm","4887"
"2396","3844.79s","01:03:52","1,030","06:09:29. 169 pm","4891"
"2397","3847.29s","01:03:54","1,030","06:09:32. 669 pm","4899"
"2398","3848.88s","01:03:57","1,030","06:09:34. 673 pm","4903"
"2399","3853.48s","01:03:59","1,030","06:09:38. 145 pm","4910"
"2400","3858.51s","01:04:03","1,030","06:09:43. 052 pm","4916"
"2401","3860.83s","01:04:08","1,030","06:09:45. 587 pm","4920"
"2402","3863.54s","01:04:11","1,030","06:09:48. 957 pm","4921"
"2403","3865.46s","01:04:14","1,030","06:09:51. 315 pm","49272"
"2404","3866.83s","01:04:15","1,030","06:09:52. 439 pm","4923"
"2405","3868.56s","01:04:17","1,030","06:09:52. 439 pm","4925"
"2406","3870.33s","01:04:19","1,030","06:09:55. 939 pm","4928"
"2407","3877.24s","01:04:21","1,030","06:10:00. 741 pm","4940"
"2408","3883.78s","01:04:28","1,030","06:10:08. 274 pm","4951"
"2409","3889.40s","01:04:33","1,030","06:10:13. 789 pm","4959"
"2410","3895.60s","01:04:39","1,030","06:10:19. 820 pm","4969"
"2411","3901.03s","01:04:46","1,030","06:10:25. 021 pm","4977"
"2412","3907.20s","01:04:51","1,030","06:10:32. 380 pm","4982"
"2413","3912.65s","01:04:57","1,030","06:10:36. 888 pm","4993"
"2414","3917.63s","01:05:03","1,030","06:10:43. 189 pm","5001"
"2415","3921.08s","01:05:07","1,030","06:10:45. 569 pm","5003"
"2416","3923.46s","01:05:11","1,030","06:10:49. 803 pm","5007"
"2417","3925.14s","01:05:13","1,030","06:10:51. 910 pm","5010"
"2418","3926.26s","01:05:15","1,030","06:10:52. 924 pm","5013"
"2419","3927.40s","01:05:16","1,030","06:10:53. 433 pm","5013"
"2420","3929.10s","01:05:17","1,030","06:10:55. 433 pm","5015"
"2421","3933.26s","01:05:19","1,030","06:10:57. 443 pm","5021"
"2422","3936.43s","01:05:23","1,030","06:11:02. 428 pm","5026"
"2423","3938.09s","01:05:26","1,030","06:11:03. 550 pm","5027"
"2424","3941.13s","01:05:28","1,030","06:11:06. 962 pm","5031"
"2425","3942.97s","01:05:31","1,030","06:11:08. 983 pm","5035"
"2426","3944.48s","01:05:33","1,030","06:11:10. 982 pm","5037"
"2427","3946.85s","01:05:35","1,030","06:11:13. 010 pm","5043"
"2428","3948.62s","01:05:37","1,030","06:11:14. 889 pm","5044"
"2429","3950.45s","01:05:39","1,030","06:11:14. 889 pm","5044"
"2430","3956.43s","01:05:41","1,030","06:11:20. 802 pm","5051"
"2431","3962.59s","01:05:47","1,030","06:11:26. 929 pm","5059"
"2432","3968.57s","01:05:53","1,030","06:11:32. 386 pm","5066"
"2433","3974.09s","01:05:59","1,030","06:11:38. 518 pm","5075"
"2434","3976.73s","01:06:04","1,030","06:11:40. 149 pm","5078"
"2435","3979.70s","01:06:06","1,030","06:11:46. 139 pm","5086"
"2436","3981.47s","01:06:09","1,030","06:11:48. 272 pm","5089"
"2437","3983.21s","01:06:11","1,030","06:11:49. 895 pm","5090"
"2438","3985.19s","01:06:13","1,030","06:11:50. 901 pm","5093"
"2439","3988.73s","01:06:15","1,030","06:11:51. 402 pm","5094"
"2440","3990.96s","01:06:18","1,030","06:11:56. 633 pm","5100"
"2441","3992.21s","01:06:20","1,030","06:11:58. 141 pm","5102"
"2442","3994.08s","01:06:23","1,030","06:12:00. 150 pm","5106"
"2443","3997.40s","01:06:24","1,030","06:12:03. 667 pm","5112"
"2444","4003.17s","01:06:27","1,030","06:12:07. 062 pm","5119"
"2445","4008.36s","01:06:33","1,030","06:12:11. 713 pm","5127"
"2446","4013.40s","01:06:38","1,030","06:12:16. 998 pm","5135"
"2447","4019.48s","01:06:44","1,030","06:12:24. 019 pm","5149"
"2448","4025.76s","01:06:50","1,030","06:12:29. 393 pm","5156"
"2449","4031.84s","01:06:56","1,030","06:12:35. 001 pm","5162"
"2450","4037.64s","01:07:02","1,030","06:12:40. 267 pm","5169"
"2451","4043.80s","01:07:08","1,030","06:12:46. 546 pm","5173"
"2452","4049.38s","01:07:14","1,030","06:12:52. 305 pm","5181"
"2453","4053.98s","01:07:24","1,030","06:13:01. 478 pm","5191"
"2454","4059.97s","01:07:25","1,030","06:13:01. 478 pm","5193"
"2455","4066.11s","01:07:30","1,030","06:13:08. 082 pm","5200"
"2456","4069.03s","01:07:36","1,030","06:13:14. 694 pm","5205"
"2457","4072.52s","01:07:38","1,030","06:13:18. 008 pm","5209"
"2458","4076.09s","01:07:42","1,030","06:13:22. 150 pm","5214"
"2459","4078.33s","01:07:45","1,030","06:13:22. 150 pm","5214"
"2460","4082.17s","01:07:48","1,030","06:13:27. 015 pm","5218"
"2461","4086.94s","01:07:52","1,030","06:13:30. 604 pm","5219"
"2462","4091.27s","01:07:56","1,030","06:13:36. 099 pm","5226"
"2463","4093.46s","01:08:01","1,030","06:13:38. 849 pm","5228"
"2464","4095.64s","01:08:03","1,030","06:13:39. 719 pm","5229"
"2465","4099.29s","01:08:05","1,030","06:13:44. 77 pm","5237"
"2466","4100.68s","01:08:09","1,030","06:13:47. 077 pm","5240"
"2467","4102.36s","01:08:11","1,030","06:13:48. 455 pm","5242"
"2468","4104.30s","01:08:13","1,030","06:13:50. 716 pm","5246"
"2469","4106.28s","01:08:15","1,030","06:13:51. 215 pm","5248"
"2470","4108.47s","01:08:17","1,030","06:13:53. 468 pm","5248"
"2471","4114.32s","01:08:19","1,030","06:13:56. 705 pm","5256"
"2472","4120.34s","01:08:25","1,030","06:14:04. 712 pm","5258"
"2473","4126.27s","01:08:31","1,030","06:14:10. 186 pm","5262"
"2474","4132.25s","01:08:37","1,030","06:14:16. 77 pm","5271"
"2475","4138.21s","01:08:43","1,030","06:14:22. 616 pm","5277"
"2476","4144.27s","01:08:49","1,030","06:14:28. 301 pm","5288"
"2477","4150.27s","01:08:55","1,030","06:14:31. 807 pm","5295"
"2478","4156.23s","01:09:01","1,030","06:14:38. 566 pm","5299"
"2479","4162.29s","01:09:06","1,030","06:14:45. 738 pm","5313"
"2480","4166.85s","01:09:16","1,030","06:14:54. 525 pm","5325"
"2481","4170.41s","01:09:17","1,030","06:14:55. 897 pm","5328"
"2482","4175.24s","01:09:20","1,030","06:14:59. 424 pm","5337"
"2483","4178.91s","01:09:25","1,030","06:15:04. 452 pm","5345"
"2484","4180.74s","01:09:28","1,030","06:15:06. 983 pm","5350"
"2485","4182.78s","01:09:31","1,030","06:15:09. 497 pm","5351"
"2486","4184.46s","01:09:33","1,030","06:15:11. 238 pm","5353"
"2487","4185.44s","01:09:34","1,030","06:15:11. 736 pm","5354"
"2488","4186.46s","01:09:35","1,030","06:15:12. 988 pm","5357"
"2489","4187.53s","01:09:36","1,030","06:15:13. 983 pm","5358"
"2490","4190.53s","01:09:38","1,030","06:15:14. 979 pm","5361"
"2491","4196.60s","01:09:41","1,030","06:15:20. 360 pm","5367"
"2492","4201.70s","01:09:46","1,030","06:15:26. 134 pm","5376"
"2493","4207.72s","01:09:52","1,030","06:15:32. 021 pm","5381"
"2494","4212.91s","01:09:57","1,030","06:15:36. 770 pm","5393"
"2495","4218.16s","01:10:02","1,030","06:15:42. 156 pm","5405"
"2496","4220.98s","01:10:08","1,030","06:15:40. 675 pm","5413"
"2497","4220.98s","01:10:10","1,030","06:15:40. 675 pm","5413"
"2498","4223.22s","01:10:11","1,030","06:15:49. 439 pm","5416"
"2499","4225.88s","01:10:13","1,030","06:15:50. 438 pm","5419"
"2500","4229.86s","01:10:15","1,030","06:15:53. 872 pm","5423"
"2501","4232.39s","01:10:19","1,030","06:15:57. 749 pm","5425"
"2502","4241.44s","01:10:22","1,030","06:16:00. 892 pm","5439"
"2503","4244.25s","01:10:31","1,030","06:16:08. 707 pm","5444"
"2504","4249.38s","01:10:33","1,030","06:16:13. 238 pm","5447"
"2505","4252.35s","01:10:39","1,030","06:16:17. 839 pm","5453"
"2506","4253.53s","01:10:42","1,030","06:16:19. 714 pm","5455"
"2507","4255.49s","01:10:44","1,030","06:16:21. 603 pm","5458"
"2508","4258.94s","01:10:46","1,030","06:16:24. 872 pm","5464"
"2509","4263.90s","01:10:48","1,030","06:16:26. 381 pm","5468"
"2510","4269.14s","01:10:53","1,030","06:16:32. 375 pm","5470"
"2511","4271.85s","01:10:58","1,030","06:16:38. 876 pm","5476"
"2512","4275.36s","01:11:01","1,030","06:16:40. 374 pm","5479"
"2513","4280.19s","01:11:05","1,030","06:16:43. 368 pm","5484"
"2514","4282.32s","01:11:10","1,030","06:16:47. 093 pm","5485"
"2515","4284.45s","01:11:12","1,030","06:16:47. 093 pm","5488"
"2516","4285.76s","01:11:14","1,030","06:16:51. 567 pm","5490"
"2517","4288.84s","01:11:15","1,030","06:16:53. 189 pm","5492"
"2518","4293.53s","01:11:18","1,030","06:16:57. 296 pm","5495"
"2519","4296.01s","01:11:23","1,030","06:17:01. 428 pm","5500"
"2520","4299.28s","01:11:25","1,030","06:17:04. 462 pm","5503"
"2521","4300.81s","01:11:29","1,030","06:17:04. 462 pm","5505"
"2522","4302.87s","01:11:31","1,030","06:17:08. 466 pm","5506"
"2523","4304.61s","01:11:33","1,030","06:17:11. 210 pm","5511"
"2524","4307.11s","01:11:35","1,030","06:17:12. 714 pm","5515"
"2525","4311.79s","01:11:37","1,030","06:17:16. 082 pm","5519"
"2526","4313.20s","01:11:41","1,030","06:17:17. 722 pm","5519"
"2527","4317.59s","01:11:43","1,030","06:17:21. 820 pm","5523"
"2528","4320.18s","01:11:47","1,030","06:17:25. 355 pm","5529"
"2529","4322.49s","01:11:50","1,030","06:17:29. 255 pm","5534"
"2530","4324.61s","01:11:53","1,030","06:17:30. 257 pm","5535"
"2531","4326.40s","01:11:55","1,030","06:17:33. 006 pm","5538"
"2532","4328.34s","01:11:57","1,030","06:17:33. 006 pm","5538"
"2533","4329.34s","01:11:58","1,030","06:17:35. 131 pm","5542"
"2534","4330.39s","01:11:59","1,030","06:17:36. 657 pm","5542"
"2535","4336.50s","01:12:01","1,030","06:17:40. 550 pm","5551"
"2536","4342.24s","01:12:06","1,030","06:17:46. 138 pm","5561"
"2537","4348.52s","01:12:12","1,030","06:17:51. 308 pm","5569"
"2538","4354.27s","01:12:18","1,030","06:17:58. 290 pm","5576"
"2539","4360.28s","01:12:25","1,030","06:18:04. 534 pm","5588"
"2540","4366.55s","01:12:31","1,030","06:18:10. 404 pm","5597"
"2541","4372.18s","01:12:37","1,030","06:18:15. 457 pm","5606"
"2542","4378.28s","01:12:42","1,030","06:18:22. 469 pm","5615"
"2543","4384.18s","01:12:49","1,030","06:18:27. 523 pm","5623"
"2544","4388.54s","01:12:58","1,030","06:18:35. 183 pm","5629"
"2545","4392.58s","01:12:59","1,030","06:18:38. 759 pm","5635"
"2546","4394.52s","01:13:02","1,030","06:18:41. 265 pm","5640"
"2547","4395.70s","01:13:04","1,030","06:18:42. 390 pm","5642"
"2548","4399.90s","01:13:05","1,030","06:18:43. 387 pm","5648"
"2549","4404.90s","01:13:09","1,030","06:18:48. 442 pm","5656"
"2550","4409.96s","01:13:14","1,030","06:18:54. 592 pm","5662"
"2551","4415.10s","01:13:19","1,030","06:18:57. 096 pm","5663"
"2552","4420.31s","01:13:24","1,030","06:19:04. 480 pm","5667"
"2553","4421.76s","01:13:30","1,030","06:19:06. 627 pm","5669"
"2554","4423.39s","01:13:31","1,030","06:19:10. 126 pm","5673"
"2555","4425.51s","01:13:33","1,030","06:19:11. 624 pm","5676"
"2556","4428.25s","01:13:35","1,030","06:19:13. 020 pm","5679"
"2557","4429.76s","01:13:38","1,030","06:19:15. 271 pm","5682"
"2558","4432.03s","01:13:39","1,030","06:19:17. 762 pm","5683"
"2559","4433.50s","01:13:42","1,030","06:19:19. 784 pm","5688"
"2560","4435.25s","01:13:43","1,030","06:19:20. 782 pm","5690"
"2561","4437.67s","01:13:45","1,030","06:19:23. 666 pm","5694"
"2562","4439.45s","01:13:47","1,030","06:19:24. 676 pm","5696"
"2563","4443.84s","01:13:49","1,030","06:19:28. 178 pm","5703"
"2564","4446.68s","01:13:53","1,030","06:19:32. 339 pm","5706"
"2565","4449.24s","01:13:56","1,030","06:19:34. 834 pm","5708"
"2566","4451.02s","01:13:59","1,030","06:19:37. 227 pm","5710"
"2567","4452.84s","01:14:00","1,030","06:19:39. 096 pm","5713"
"2568","4455.97s","01:14:02","1,030","06:19:40. 589 pm","5716"
"2569","4457.94s","01:14:05","1,030","06:19:43. 610 pm","5718"
"2570","4460.11s","01:14:07","1,030","06:19:45. 127 pm","5721"
"2571","4462.03s","01:14:09","1,030","06:19:48. 251 pm","5725"
"2572","4463.52s","01:14:12","1,030","06:19:50. 247 pm","5727"
"2573","4464.61s","01:14:13","1,030","06:19:50. 247 pm","5727"
"2574","4466.57s","01:14:15","1,030","06:19:52. 757 pm","5731"
"2575","4468.95s","01:14:16","1,030","06:19:53. 769 pm","5735"
"2576","4472.52s","01:14:18","1,030","06:19:57. 538 pm","5738"
"2577","4474.99s","01:14:22","1,030","06:20:01. 160 pm","5744"
"2578","4478.24s","01:14:24","1,030","06:20:03. 194 pm","5747"
"2579","4479.86s","01:14:28","1,030","06:20:05. 697 pm","5749"
"2580","4482.10s","01:14:29","1,030","06:20:05. 697 pm","5749"
"2581","4483.79s","01:14:32","1,030","06:20:08. 732 pm","5752"
"2582","4485.36s","01:14:33","1,030","06:20:10. 619 pm","5752"
"2583","4487.26s","01:14:36","1,030","06:20:10. 619 pm","5752"
"2584","4489.32s","01:14:37","1,030","06:20:16. 402 pm","5756"
"2585","4491.24s","01:14:40","1,030","06:20:17. 906 pm","5760"
"2586","4497.35s","01:14:41","1,030","06:20:20. 901 pm","5768"
"2587","4503.32s","01:14:48","1,030","06:20:27. 483 pm","5775"
"2588","4509.33s","01:14:54","1,030","06:20:33. 772 pm","5782"
"2589","4515.21s","01:14:59","1,030","06:20:38. 763 pm","5786"
"2590","4520.29s","01:15:04","1,030","06:20:44. 787 pm","5793"
"2591","4526.32s","01:15:10","1,030","06:20:50. 146 pm","5802"
"2592","4532.34s","01:15:16","1,030","06:20:55. 270 pm","5808"
"2593","4538.32s","01:15:23","1,030","06:21:01. 890 pm","5811"
"2594","4544.37s","01:15:28","1,030","06:21:07. 662 pm","5819"
"2595","4548.43s","01:15:38","1,030","06:21:15. 093 pm","5824"
"2596","4551.94s","01:15:39","1,030","06:21:17. 343 pm","5827"
"2597","4553.94s","01:15:41","1,030","06:21:18. 720 pm","5829"
"2598","4555.84s","01:15:43","1,030","06:21:21. 110 pm","5831"
"2599","4557.55s","01:15:45","1,030","06:21:23. 259 pm","5834"
"2600","4560.07s","01:15:47","1,030","06:21:26. 503 pm","5837"
"2601","4563.60s","01:15:49","1,030","06:21:29. 022 pm","5845"
"2602","4566.81s","01:15:53","1,030","06:21:31. 508 pm","5847"
"2603","4569.16s","01:15:56","1,030","06:21:34. 626 pm","5849"
"2604","4576.45s","01:15:58","1,030","06:21:36. 903 pm","5858"
"2605","4579.18s","01:16:06","1,030","06:21:44. 497 pm","5864"
"2606","4583.24s","01:16:09","1,030","06:21:48. 365 pm","5870"
"2607","4587.96s","01:16:13","1,030","06:21:52. 370 pm","5877"
"2608","4593.12s","01:16:17","1,030","06:21:57. 514 pm","5887"
"2609","4598.24s","01:16:23","1,030","06:22:02. 527 pm","5894"
"2610","4603.30s","01:16:27","1,030","06:22:07. 429 pm","5902"
"2611","4608.47s","01:16:33","1,030","06:22:12. 189 pm","5907"
"2612","4613.67s","01:16:38","1,030","06:22:17. 533 pm","5911"
"2613","4618.82s","01:16:43","1,030","06:22:22. 087 pm","5918"
"2614","4624.01s","01:16:48","1,030","06:22:28. 338 pm","5924"
"2615","4629.24s","01:16:53","1,030","06:22:33. 386 pm","5935"
"2616","4634.36s","01:16:58","1,030","06:22:38. 443 pm","5944"
"2617","4639.56s","01:17:04","1,030","06:22:42. 857 pm","5946"
"2618","4644.74s","01:17:09","1,030","06:22:49. 180 pm","5954"
"2619","4649.87s","01:17:14","1,030","06:22:52. 437 pm","5956"
"2620","4655.00s","01:17:19","1,030","06:22:59. 052 pm","5958"
"2621","4660.26s","01:17:24","1,030","06:23:04. 371 pm","5969"
"2622","4665.49s","01:17:30","1,030","06:23:09. 499 pm","5978"
"2623","4670.62s","01:17:35","1,030","06:23:14. 785 pm","5983"
"2624","4675.74s","01:17:40","1,030","06:23:18. 326 pm","5989"
"2625","4680.91s","01:17:45","1,030","06:23:25. 707 pm","5996"
"2626","4686.04s","01:17:50","1,030","06:23:29. 592 pm","6000"
"2627","4691.23s","01:17:55","1,030","06:23:31. 101 pm","6002"
"2628","4696.29s","01:18:00","1,030","06:23:39. 845 pm","6011"
"2629","4701.46s","01:18:06","1,030","06:23:46. 002 pm","6019"
"2630","4706.50s","01:18:11","1,030","06:23:51. 025 pm","6032"
"2631","4711.60s","01:18:16","1,030","06:23:55. 795 pm","6041"
"2632","4716.80s","01:18:21","1,030","06:24:00. 324 pm","6043"
"2633","4722.07s","01:18:26","1,030","06:24:06. 166 pm","6049"
"2634","4727.24s","01:18:31","1,030","06:24:11. 167 pm","6055"
"2635","4732.44s","01:18:37","1,030","06:24:16. 530 pm","6064"
